path,type,size,sha256,references,duplicate_group,status
.tmp-workflow-desktop.png,png,229880,822babd446560678,0,,
Jazim-Lau-Portfolio-PDF.pdf,pdf,38817444,a08afe8692035ec1,0,,
vite.config.ts,ts,1296,,2,,
pdf/assets/frames/ae-sci-fi-win.jpg,jpg,63630,2a07e0fd52581ae6,0,,
pdf/assets/frames/dianfeng.jpg,jpg,14137,ca2e17ea5caaa5c0,0,,
pdf/assets/frames/forgotten-sea.jpg,jpg,16235,4abf2627240b156a,0,,
pdf/assets/frames/gongxi-gacha.jpg,jpg,51301,da663ff061cbe9a6,0,,
pdf/assets/frames/gongxi.jpg,jpg,41838,ad6a4d293f5aa49e,0,,
pdf/assets/frames/hearthstone-wudao.jpg,jpg,53227,f7d6078198bf3803,0,,
pdf/assets/frames/jiuzhou.jpg,jpg,55842,c20a43bb9b3a3b4a,0,,
pdf/assets/frames/kejifeng.jpg,jpg,52203,4ad9586c191d38f9,0,,
pdf/assets/frames/mhxy-tiandiqiju.jpg,jpg,38236,bafada4b21baad7d,0,,
pdf/assets/frames/more-24h-live.jpg,jpg,68941,7bc37d98c80cddbc,0,,
pdf/assets/frames/more-24h.jpg,jpg,56841,2adc1fe9cf1898f9,0,,
pdf/assets/frames/more-7day.jpg,jpg,26849,0dba8b134464240f,0,,
pdf/assets/frames/more-7days.jpg,jpg,18077,d094498d654c6237,0,,
pdf/assets/frames/more-ae-7day.jpg,jpg,33801,9111bf7e2a02db80,0,,
pdf/assets/frames/more-ae-lobby.jpg,jpg,41524,95d8ad6080cda0c4,0,,
pdf/assets/frames/more-diablo3.jpg,jpg,21144,2696fa54d02402ba,0,,
pdf/assets/frames/more-english-corner.jpg,jpg,47269,def5c5b4903c5a2c,0,,
pdf/assets/frames/more-english.jpg,jpg,39449,303da71c3f62888f,0,,
pdf/assets/frames/more-headshot.jpg,jpg,36132,c40a7adc2db5ac4b,0,,
pdf/assets/frames/more-idv-math.jpg,jpg,22886,d05c900b0802845c,0,,
pdf/assets/frames/more-lobby.jpg,jpg,33932,809dae4b3cf07a97,0,,
pdf/assets/frames/more-meme-pack.jpg,jpg,68087,08788ad7192e3355,0,,
pdf/assets/frames/more-meme.jpg,jpg,56468,2cbd3528ac8ad3d5,0,,
pdf/assets/frames/more-mhxy-shikong.jpg,jpg,24121,1fe08aece0950dac,0,,
pdf/assets/frames/more-naraka-shangbo.jpg,jpg,6790,92068c998d38a1cb,0,,
pdf/assets/frames/more-naraka.jpg,jpg,73730,0ac4b5257cbd88e5,0,,
pdf/assets/frames/more-nsh-ad.jpg,jpg,13704,e3c552776c6ae05e,0,,
pdf/assets/frames/more-nsh-golden.jpg,jpg,59072,488ceae74c409f61,0,,
pdf/assets/frames/more-qingnv-guild.jpg,jpg,21799,456183a566212b77,0,,
pdf/assets/frames/more-qingnv.jpg,jpg,17771,22f844653a841804,0,,
pdf/assets/frames/more-rd-mini.jpg,jpg,103001,0cb6c65f6ea22a3f,0,,
pdf/assets/frames/more-rd.jpg,jpg,81841,6aaac9bdaeb507de,0,,
pdf/assets/frames/more-sanqi.jpg,jpg,15444,c4df0f3bf1002fd7,0,,
pdf/assets/frames/more-sjqy.jpg,jpg,28587,ee0345f19c60eb99,0,,
pdf/assets/frames/more-slzh.jpg,jpg,15259,4d1d0c0f411a09c9,0,,
pdf/assets/frames/more-tianyu-liujin.jpg,jpg,51737,66670f6381366bdc,0,,
pdf/assets/frames/more-tianyu.jpg,jpg,41080,d9c0f2208c2e87f7,0,,
pdf/assets/frames/more-ue5-icon.jpg,jpg,8331,28d54c3755609bfb,0,,
pdf/assets/frames/more-ue5.jpg,jpg,6776,46cc27c76f3e9fc0,0,,
pdf/assets/frames/more-unity-chest.jpg,jpg,59484,59eb32696f4e8472,0,,
pdf/assets/frames/more-unity.jpg,jpg,47192,9ae9490c2ae241bf,0,,
pdf/assets/frames/more-uu.jpg,jpg,26459,83c35b46fd122960,0,,
pdf/assets/frames/more-wow-midsummer.jpg,jpg,46487,d9ac048c4d3f4fea,0,,
pdf/assets/frames/more-wow.jpg,jpg,37048,1007d810583a3713,0,,
pdf/assets/frames/more-xxyx.jpg,jpg,8992,d0b1d2249f5ce675,0,,
pdf/assets/frames/more-yanyi-star.jpg,jpg,11784,dac34b468570c2bb,0,,
pdf/assets/frames/more-yanyi.jpg,jpg,10009,22964a3e93442bc7,0,,
pdf/assets/frames/more-yys-xinshi.jpg,jpg,17346,8cfb528f6c286e1f,0,,
pdf/assets/frames/more-yys-xinshishen.jpg,jpg,21439,b1e594ed37afbfb6,0,,
pdf/assets/frames/nsh-jiuzhou-mijing.jpg,jpg,59520,823a66a8b9629030,0,,
pdf/assets/frames/peak-speed-map.jpg,jpg,14613,23522951baf41b64,0,,
pdf/assets/frames/social-wolf.jpg,jpg,68339,ebd320d4eb066780,0,,
pdf/assets/frames/social-zuican.jpg,jpg,155537,8f3e3bc5422fe44e,0,,
pdf/assets/frames/tianqi.jpg,jpg,31544,4afa168f7e10d774,0,,
pdf/assets/frames/wolf.jpg,jpg,56416,7229fbce47ffd476,0,,
pdf/assets/frames/wudao.jpg,jpg,42729,0508551eede3760f,0,,
pdf/assets/frames/yinhun.jpg,jpg,49773,bd27f3cff80ff97b,0,,
pdf/assets/frames/yiwang.jpg,jpg,14256,c87e339e55e629d4,0,,
pdf/assets/frames/yys-yinhun-liandong.jpg,jpg,58167,4160922c2b9bee72,0,,
pdf/assets/frames/zuican.jpg,jpg,127615,7b93ddb347c7af8a,0,,
pdf/assets/frames3/dianfeng_e.jpg,jpg,38601,fd718bb8d40173db,0,,
pdf/assets/frames3/dianfeng_m.jpg,jpg,72917,d5443449273691e3,0,,
pdf/assets/frames3/dianfeng_s.jpg,jpg,84021,64be9755848d26f4,0,,
pdf/assets/frames3/gongxi_e.jpg,jpg,118389,f9de1980f734206b,0,,
pdf/assets/frames3/gongxi_m.jpg,jpg,121233,16e64aa963b0b9d2,0,,
pdf/assets/frames3/gongxi_s.jpg,jpg,51341,3fff6609b5ec0df5,0,,
pdf/assets/frames3/jiuzhou_e.jpg,jpg,55981,2b2ecf4443f74a4d,0,,
pdf/assets/frames3/jiuzhou_m.jpg,jpg,71952,7d71c179d1d1c64a,0,,
pdf/assets/frames3/jiuzhou_s.jpg,jpg,105576,aff960ada695019b,0,,
pdf/assets/frames3/kejifeng_e.jpg,jpg,54662,f926d937a79c02b9,0,,
pdf/assets/frames3/kejifeng_m.jpg,jpg,25397,84ec4a7c9d9daf5d,0,,
pdf/assets/frames3/kejifeng_s.jpg,jpg,45037,db8927fa679ef916,0,,
pdf/assets/frames3/tianqi_e.jpg,jpg,47569,0cfdaaa0eb3ee3d2,0,,
pdf/assets/frames3/tianqi_m.jpg,jpg,48984,60a03ebcac35045d,0,,
pdf/assets/frames3/tianqi_s.jpg,jpg,75969,7f81b43cb953a6f0,0,,
pdf/assets/frames3/wolf_e.jpg,jpg,84646,841b79cc53a79ff7,0,,
pdf/assets/frames3/wolf_m.jpg,jpg,36231,8db56e6af0a9ecfb,0,,
pdf/assets/frames3/wolf_s.jpg,jpg,30325,25e49cf2c5ce6aa8,0,,
pdf/assets/frames3/wudao_e.jpg,jpg,52866,21f7d3d9b0577335,0,,
pdf/assets/frames3/wudao_m.jpg,jpg,53384,e18d27a5b3b23120,0,,
pdf/assets/frames3/wudao_s.jpg,jpg,45973,d4e41ba836213fef,0,,
pdf/assets/frames3/yinhun_e.jpg,jpg,63575,94ef7b753dcd1ce1,0,,
pdf/assets/frames3/yinhun_m.jpg,jpg,28819,5d3b02a200a4990f,0,,
pdf/assets/frames3/yinhun_s.jpg,jpg,89373,9f60a9fd90fffcfb,0,,
pdf/assets/frames3/yiwang_e.jpg,jpg,64982,77b02c497ecde38f,0,,
pdf/assets/frames3/yiwang_m.jpg,jpg,25652,7e0c8f695efa9fc3,0,,
pdf/assets/frames3/yiwang_s.jpg,jpg,27408,0e5aa35289aaf973,0,,
pdf/assets/frames3/zuican_e.jpg,jpg,49044,2b7bf8344a091def,0,,
pdf/assets/frames3/zuican_m.jpg,jpg,65459,b6cd3d4e138b005d,0,,
pdf/assets/frames3/zuican_s.jpg,jpg,78679,439de7da2e6a6939,0,,
pdf/assets/qr/qr-ad.png,png,590,ab8a2d0c04ae2523,0,,
pdf/assets/qr/qr-ae-previs.png,png,1531,99aa4b40986261b2,0,,
pdf/assets/qr/qr-forgotten.png,png,1529,b8772a0f8d0d5a2a,0,,
pdf/assets/qr/qr-gameui.png,png,595,8dd59173c3ad837f,0,,
pdf/assets/qr/qr-home.png,png,532,2e50313395e10103,0,,
pdf/assets/qr/qr-jiuzhou.png,png,712,66257cf24259258c,0,,
pdf/assets/qr/qr-leihuo.png,png,861,19203a90957aeacd,0,,
pdf/assets/qr/qr-mhxy.png,png,1317,bf0842b622853bdd,0,,
pdf/assets/qr/qr-peak.png,png,1554,0a18e989b5a0c1f4,0,,
pdf/assets/qr/qr-poorest.png,png,1537,84ba4be3d2ef8c26,0,,
pdf/assets/qr/qr-promo.png,png,605,af9d0e325f8e1302,0,,
pdf/assets/qr/qr-social.png,png,584,5448f5520ae65d79,0,,
pdf/assets/qr/qr-wolf.png,png,1557,d922f7a02c55ce35,0,,
pdf/assets/qr/qr-wudao.png,png,727,70d8ab32779838fe,0,,
pdf/assets/qr/qr-yys.png,png,1305,51a266198ada5588,0,,
pdf/assets-optimized/noise.png,png,10292,19b4f5f14d25d795,0,,
pdf/assets-optimized/feat/dianfeng.jpg,jpg,34011,0eac4f86729811d6,0,,
pdf/assets-optimized/feat/gongxi.jpg,jpg,60638,8130e06c77482e17,0,,
pdf/assets-optimized/feat/jiuzhou.jpg,jpg,29064,38b5a3cc76c8d7bf,0,,
pdf/assets-optimized/feat/kejifeng.jpg,jpg,44763,462553d7cd9a7a7f,0,,
pdf/assets-optimized/feat/tianqi.jpg,jpg,41832,5b9ecb4c29082983,0,,
pdf/assets-optimized/feat/wolf.jpg,jpg,13895,d4e24ff4c316f9ff,0,,
pdf/assets-optimized/feat/wudao.jpg,jpg,27104,294c0039102f8a82,0,,
pdf/assets-optimized/feat/yinhun.jpg,jpg,34742,bb30e8b686892b3f,0,,
pdf/assets-optimized/feat/yiwang.jpg,jpg,36211,5f5dd14a353679eb,0,,
pdf/assets-optimized/feat/zuican.jpg,jpg,38924,aad529b5eb2522e3,0,,
pdf/assets-optimized/frames/dianfeng_e.jpg,jpg,40885,0f0c36cfd055d633,0,,
pdf/assets-optimized/frames/dianfeng_m.jpg,jpg,28030,640df8f136f48e01,0,,
pdf/assets-optimized/frames/dianfeng_s.jpg,jpg,45466,2d4e768b5723214c,0,,
pdf/assets-optimized/frames/gongxi_e.jpg,jpg,47827,6684d024743bd921,0,,
pdf/assets-optimized/frames/gongxi_m.jpg,jpg,29325,102293bcc4139e87,0,,
pdf/assets-optimized/frames/gongxi_s.jpg,jpg,29306,5d95775caf5c0473,0,,
pdf/assets-optimized/frames/jiuzhou_e.jpg,jpg,27972,f9ae8c7a2bfcce9a,0,,
pdf/assets-optimized/frames/jiuzhou_m.jpg,jpg,34557,087c0995aca57dbf,0,,
pdf/assets-optimized/frames/jiuzhou_s.jpg,jpg,52766,8dd31bfaa348b96a,0,,
pdf/assets-optimized/frames/kejifeng_e.jpg,jpg,25932,c7a13cf82d4a7fa5,0,,
pdf/assets-optimized/frames/kejifeng_m.jpg,jpg,30759,c54fb7c971ec298e,0,,
pdf/assets-optimized/frames/kejifeng_s.jpg,jpg,19624,9ff4fabf15b92a52,0,,
pdf/assets-optimized/frames/tianqi_e.jpg,jpg,34170,9328c474ee4c2171,0,,
pdf/assets-optimized/frames/tianqi_m.jpg,jpg,40381,fc731e6e27d27c28,0,,
pdf/assets-optimized/frames/tianqi_s.jpg,jpg,29724,b251f2a22221a73c,0,,
pdf/assets-optimized/frames/wolf_e.jpg,jpg,17482,fcc746f646216210,0,,
pdf/assets-optimized/frames/wolf_m.jpg,jpg,9304,e72c71006be2cbb8,0,,
pdf/assets-optimized/frames/wolf_s.jpg,jpg,7307,a8807779601b1c4c,0,,
pdf/assets-optimized/frames/wudao_e.jpg,jpg,16955,5f408610ba2b7959,0,,
pdf/assets-optimized/frames/wudao_m.jpg,jpg,16734,15a7639256592353,0,,
pdf/assets-optimized/frames/wudao_s.jpg,jpg,30599,186e294a111a55f9,0,,
pdf/assets-optimized/frames/yinhun_e.jpg,jpg,40072,c477ee6eb986c97e,0,,
pdf/assets-optimized/frames/yinhun_m.jpg,jpg,60433,5c3e0889d6704221,0,,
pdf/assets-optimized/frames/yinhun_s.jpg,jpg,57468,a24906a56b425434,0,,
pdf/assets-optimized/frames/yiwang_e.jpg,jpg,32545,0bc273be82e92266,0,,
pdf/assets-optimized/frames/yiwang_m.jpg,jpg,35039,8550265f02ec237d,0,,
pdf/assets-optimized/frames/yiwang_s.jpg,jpg,39624,7247c34cb3347d3f,0,,
pdf/assets-optimized/frames/zuican_e.jpg,jpg,13493,9eb4f710d3f8326a,0,,
pdf/assets-optimized/frames/zuican_m.jpg,jpg,16968,64f44bc5e56cbe88,0,,
pdf/assets-optimized/frames/zuican_s.jpg,jpg,17996,ef2442cc89af6707,0,,
pdf/assets-optimized/hero/dianfeng.jpg,jpg,153593,7f0648aa191d119c,0,,
pdf/assets-optimized/hero/gongxi.jpg,jpg,305576,c6b121df061f6a63,0,,
pdf/assets-optimized/hero/jiuzhou.jpg,jpg,177919,58c6759fa322a19d,0,,
pdf/assets-optimized/hero/kejifeng.jpg,jpg,197972,a88a192646a2b54d,0,,
pdf/assets-optimized/hero/tianqi.jpg,jpg,66551,249ebb867075e1b2,0,,
pdf/assets-optimized/hero/wudao.jpg,jpg,90423,ebb6454f8ed1ec2d,0,,
pdf/assets-optimized/hero/yinhun.jpg,jpg,142145,5a0ace7fafa98683,0,,
pdf/assets-optimized/hero/yiwang.jpg,jpg,33458,87c36b0c90b247cf,0,,
pdf/assets-optimized/portrait/wolf_bg.jpg,jpg,8618,fea990572e50650c,0,,
pdf/assets-optimized/portrait/wolf_fg.jpg,jpg,34635,abbd2673e5693434,0,,
pdf/assets-optimized/portrait/zuican_bg.jpg,jpg,8045,b80d9b8d3e627ff9,0,,
pdf/assets-optimized/portrait/zuican_fg.jpg,jpg,95620,9a9c302042f8ef73,0,,
pdf/assets-optimized/qr/qr-ae-previs.png,png,1349,56c22c49c4bd3de2,0,,
pdf/assets-optimized/qr/qr-forgotten.png,png,1351,587fa2c60a0180e3,0,,
pdf/assets-optimized/qr/qr-home.png,png,495,d27c8925222cb077,0,,
pdf/assets-optimized/qr/qr-jiuzhou.png,png,624,2d909385f71ed1a8,0,,
pdf/assets-optimized/qr/qr-mhxy.png,png,1148,ad8960b167ec1f01,0,,
pdf/assets-optimized/qr/qr-peak.png,png,1379,8bbbc7ab3e1dc2a6,0,,
pdf/assets-optimized/qr/qr-poorest.png,png,1353,3590dfbfa7557fe1,0,,
pdf/assets-optimized/qr/qr-wolf.png,png,1368,8affb8871e565246,0,,
pdf/assets-optimized/qr/qr-wudao.png,png,632,ea13767a5368cc32,0,,
pdf/assets-optimized/qr/qr-yys.png,png,1138,32467289c1c30565,0,,
pdf/assets-optimized/thumbs/more-7days.jpg,jpg,25778,4a5e089a64600d01,0,,
pdf/assets-optimized/thumbs/more-ae-7day.jpg,jpg,36997,66039c31fe6d0cc8,0,,
pdf/assets-optimized/thumbs/more-ae-lobby.jpg,jpg,34888,358c61344f25030e,0,,
pdf/assets-optimized/thumbs/more-diablo3.jpg,jpg,19424,e4f4c196cf18c417,0,,
pdf/assets-optimized/thumbs/more-naraka.jpg,jpg,32004,2bfa3594db0295c5,0,,
pdf/assets-optimized/thumbs/more-qingnv.jpg,jpg,57566,e4f7647db9d330ca,0,,
pdf/assets-optimized/thumbs/more-slzh.jpg,jpg,23963,69174de427550d6d,0,,
pdf/assets-optimized/thumbs/more-tianyu.jpg,jpg,44524,1bc9499063a31782,0,,
pdf/assets-optimized/thumbs/more-ue5.jpg,jpg,7916,819dec084103e792,0,,
pdf/assets-optimized/thumbs/more-unity.jpg,jpg,32749,2fdff16236af49fb,0,,
pdf/assets-optimized/thumbs/more-wow.jpg,jpg,42627,99ca017a79991cf3,0,,
pdf/assets-optimized/thumbs/more-xxyx.jpg,jpg,79211,f28835053537e4e8,0,,
portfolio-output/Jazim-Lau-Game-Motion-Portfolio-2026.pdf,pdf,5487057,c227ebffa1bd6017,0,,
public/favicon.svg,svg,703,d447fe7776fed254,0,,
public/assets/files/Jazim-Lau-CV.pdf,pdf,311260,5b488a3712c1db41,0,,
public/assets/images/project-01-cover.jpg,jpg,142363,d4d66257b3a91b02,0,,
public/assets/images/project-02-cover.jpg,jpg,131651,d6670448a56ccc77,0,,
public/assets/images/project-04-cover.jpg,jpg,122450,44a2b53b6e9592a1,0,,
public/assets/images/project-05-cover.jpg,jpg,59476,1f19e5dea357d583,0,,
public/assets/images/project-06-cover.jpg,jpg,46622,913cde764dd26230,0,,
public/assets/videos/ad/mhxy-814-maintenance.m3u8,m3u8,1513,1864c0750820c02f,0,,
public/assets/videos/ad/mhxy-814-maintenance_000.ts,ts,604608,,0,,
public/assets/videos/ad/mhxy-814-maintenance_001.ts,ts,605548,,0,,
public/assets/videos/ad/mhxy-814-maintenance_002.ts,ts,3160844,,0,,
public/assets/videos/ad/mhxy-814-maintenance_003.ts,ts,1325024,,0,,
public/assets/videos/ad/mhxy-814-maintenance_004.ts,ts,1497044,,0,,
public/assets/videos/ad/mhxy-814-maintenance_005.ts,ts,889428,,0,,
public/assets/videos/ad/mhxy-814-maintenance_006.ts,ts,1573936,,0,,
public/assets/videos/ad/mhxy-814-maintenance_007.ts,ts,1738436,,0,,
public/assets/videos/ad/mhxy-814-maintenance_008.ts,ts,1465460,,0,,
public/assets/videos/ad/mhxy-814-maintenance_009.ts,ts,1352848,,0,,
public/assets/videos/ad/mhxy-814-maintenance_010.ts,ts,1469596,,0,,
public/assets/videos/ad/mhxy-814-maintenance_011.ts,ts,1079496,,0,,
public/assets/videos/ad/mhxy-814-maintenance_012.ts,ts,398372,,0,,
public/assets/videos/ad/mhxy-814-maintenance_013.ts,ts,2059916,,0,,
public/assets/videos/ad/mhxy-814-maintenance_014.ts,ts,1991108,,0,,
public/assets/videos/ad/mhxy-814-maintenance_015.ts,ts,489928,,0,,
public/assets/videos/ad/mhxy-814-maintenance_016.ts,ts,393108,,0,,
public/assets/videos/ad/mhxy-814-maintenance_017.ts,ts,1915532,,0,,
public/assets/videos/ad/mhxy-814-maintenance_018.ts,ts,1559272,,0,,
public/assets/videos/ad/mhxy-814-maintenance_019.ts,ts,900144,,0,,
public/assets/videos/ad/mhxy-814-maintenance_020.ts,ts,139496,,0,,
public/assets/videos/ad/mhxy-814-maintenance_021.ts,ts,1854244,,0,,
public/assets/videos/ad/mhxy-814-maintenance_022.ts,ts,1481816,,0,,
public/assets/videos/ad/mhxy-814-maintenance_023.ts,ts,1263736,,0,,
public/assets/videos/ad/mhxy-814-maintenance_024.ts,ts,1108824,,0,,
public/assets/videos/ad/mhxy-814-maintenance_025.ts,ts,3468600,,0,,
public/assets/videos/ad/mhxy-814-maintenance_026.ts,ts,27824,,0,,
public/assets/videos/ad/mhxy-814-maintenance_027.ts,ts,818552,,0,,
public/assets/videos/ad/mhxy-814-maintenance_028.ts,ts,444996,,0,,
public/assets/videos/ad/mhxy-814-maintenance_029.ts,ts,72756,,0,,
public/assets/videos/ad/mhxy-815-maintenance.m3u8,m3u8,1606,07ff8910ec432453,0,,
public/assets/videos/ad/mhxy-815-maintenance_000.ts,ts,589004,,0,,
public/assets/videos/ad/mhxy-815-maintenance_001.ts,ts,575656,,0,,
public/assets/videos/ad/mhxy-815-maintenance_002.ts,ts,3037140,,0,,
public/assets/videos/ad/mhxy-815-maintenance_003.ts,ts,1660040,,0,,
public/assets/videos/ad/mhxy-815-maintenance_004.ts,ts,629048,,0,,
public/assets/videos/ad/mhxy-815-maintenance_005.ts,ts,838856,,0,,
public/assets/videos/ad/mhxy-815-maintenance_006.ts,ts,1590480,,0,,
public/assets/videos/ad/mhxy-815-maintenance_007.ts,ts,1206020,,0,,
public/assets/videos/ad/mhxy-815-maintenance_008.ts,ts,190444,,0,,
public/assets/videos/ad/mhxy-815-maintenance_009.ts,ts,765536,,0,,
public/assets/videos/ad/mhxy-815-maintenance_010.ts,ts,698232,,0,,
public/assets/videos/ad/mhxy-815-maintenance_011.ts,ts,1051860,,0,,
public/assets/videos/ad/mhxy-815-maintenance_012.ts,ts,3053872,,0,,
public/assets/videos/ad/mhxy-815-maintenance_013.ts,ts,1664364,,0,,
public/assets/videos/ad/mhxy-815-maintenance_014.ts,ts,1555136,,0,,
public/assets/videos/ad/mhxy-815-maintenance_015.ts,ts,445560,,0,,
public/assets/videos/ad/mhxy-815-maintenance_016.ts,ts,1544984,,0,,
public/assets/videos/ad/mhxy-815-maintenance_017.ts,ts,1961592,,0,,
public/assets/videos/ad/mhxy-815-maintenance_018.ts,ts,3642688,,0,,
public/assets/videos/ad/mhxy-815-maintenance_019.ts,ts,1391764,,0,,
public/assets/videos/ad/mhxy-815-maintenance_020.ts,ts,1233656,,0,,
public/assets/videos/ad/mhxy-815-maintenance_021.ts,ts,1147176,,0,,
public/assets/videos/ad/mhxy-815-maintenance_022.ts,ts,769108,,0,,
public/assets/videos/ad/mhxy-815-maintenance_023.ts,ts,1993552,,0,,
public/assets/videos/ad/mhxy-815-maintenance_024.ts,ts,1057500,,0,,
public/assets/videos/ad/mhxy-815-maintenance_025.ts,ts,141940,,0,,
public/assets/videos/ad/mhxy-815-maintenance_026.ts,ts,1198876,,0,,
public/assets/videos/ad/mhxy-815-maintenance_027.ts,ts,820620,,0,,
public/assets/videos/ad/mhxy-815-maintenance_028.ts,ts,431648,,0,,
public/assets/videos/ad/mhxy-815-maintenance_029.ts,ts,837540,,0,,
public/assets/videos/ad/mhxy-815-maintenance_030.ts,ts,538996,,0,,
public/assets/videos/ad/mhxy-815-maintenance_031.ts,ts,3225328,,0,,
public/assets/videos/ad/mhxy-datangtezhongbing.m3u8,m3u8,545,86b5ad650a90f6d5,0,,
public/assets/videos/ad/mhxy-datangtezhongbing_000.ts,ts,3629528,,0,,
public/assets/videos/ad/mhxy-datangtezhongbing_001.ts,ts,1430492,,0,,
public/assets/videos/ad/mhxy-datangtezhongbing_002.ts,ts,1049228,,0,,
public/assets/videos/ad/mhxy-datangtezhongbing_003.ts,ts,4313848,,0,,
public/assets/videos/ad/mhxy-datangtezhongbing_004.ts,ts,4692480,,0,,
public/assets/videos/ad/mhxy-datangtezhongbing_005.ts,ts,4339792,,0,,
public/assets/videos/ad/mhxy-datangtezhongbing_006.ts,ts,2789356,,0,,
public/assets/videos/ad/mhxy-datangtezhongbing_007.ts,ts,558736,,0,,
public/assets/videos/ad/mhxy-datangtezhongbing_008.ts,ts,4744180,,0,,
public/assets/videos/ad/mhxy-fuchoudaxi.m3u8,m3u8,564,1c7c86fb53be17cc,0,,
public/assets/videos/ad/mhxy-fuchoudaxi_000.ts,ts,4723500,,0,,
public/assets/videos/ad/mhxy-fuchoudaxi_001.ts,ts,2740476,,0,,
public/assets/videos/ad/mhxy-fuchoudaxi_002.ts,ts,1618492,,0,,
public/assets/videos/ad/mhxy-fuchoudaxi_003.ts,ts,4484928,,0,,
public/assets/videos/ad/mhxy-fuchoudaxi_004.ts,ts,1099236,,0,,
public/assets/videos/ad/mhxy-fuchoudaxi_005.ts,ts,2641964,,0,,
public/assets/videos/ad/mhxy-fuchoudaxi_006.ts,ts,3989548,,0,,
public/assets/videos/ad/mhxy-fuchoudaxi_007.ts,ts,4078096,,0,,
public/assets/videos/ad/mhxy-fuchoudaxi_008.ts,ts,1274452,,0,,
public/assets/videos/ad/mhxy-fuchoudaxi_009.ts,ts,5824616,,0,,
public/assets/videos/ad/mhxy-fuchoudaxi_010.ts,ts,4265156,,0,,
public/assets/videos/ad/mhxy-gaoebaoji.m3u8,m3u8,473,4e1f2459d4c2745b,0,,
public/assets/videos/ad/mhxy-gaoebaoji_000.ts,ts,6981944,,0,,
public/assets/videos/ad/mhxy-gaoebaoji_001.ts,ts,1561152,,0,,
public/assets/videos/ad/mhxy-gaoebaoji_002.ts,ts,718160,,0,,
public/assets/videos/ad/mhxy-gaoebaoji_003.ts,ts,3831252,,0,,
public/assets/videos/ad/mhxy-gaoebaoji_004.ts,ts,1806492,,0,,
public/assets/videos/ad/mhxy-gaoebaoji_005.ts,ts,3010256,,0,,
public/assets/videos/ad/mhxy-gaoebaoji_006.ts,ts,3247888,,0,,
public/assets/videos/ad/mhxy-gaoebaoji_007.ts,ts,3442280,,0,,
public/assets/videos/ad/mhxy-gaoebaoji_008.ts,ts,3233976,,0,,
public/assets/videos/ad/mhxy-kol-lishenmechuang.m3u8,m3u8,505,67ad27e3e1898080,0,,
public/assets/videos/ad/mhxy-kol-lishenmechuang_000.ts,ts,2180424,,0,,
public/assets/videos/ad/mhxy-kol-lishenmechuang_001.ts,ts,2838424,,0,,
public/assets/videos/ad/mhxy-kol-lishenmechuang_002.ts,ts,2677684,,0,,
public/assets/videos/ad/mhxy-kol-lishenmechuang_003.ts,ts,1478244,,0,,
public/assets/videos/ad/mhxy-kol-lishenmechuang_004.ts,ts,2993148,,0,,
public/assets/videos/ad/mhxy-kol-lishenmechuang_005.ts,ts,1495164,,0,,
public/assets/videos/ad/mhxy-kol-lishenmechuang_006.ts,ts,8169728,,0,,
public/assets/videos/ad/mhxy-kol-lishenmechuang_007.ts,ts,4310464,,0,,
public/assets/videos/ad/mhxy-kol-menghuanjinian.m3u8,m3u8,554,4c6f9b7a08fc4d6e,0,,
public/assets/videos/ad/mhxy-kol-menghuanjinian_000.ts,ts,4867884,,0,,
public/assets/videos/ad/mhxy-kol-menghuanjinian_001.ts,ts,1475612,,0,,
public/assets/videos/ad/mhxy-kol-menghuanjinian_002.ts,ts,2900652,,0,,
public/assets/videos/ad/mhxy-kol-menghuanjinian_003.ts,ts,6407416,,0,,
public/assets/videos/ad/mhxy-kol-menghuanjinian_004.ts,ts,1782428,,0,,
public/assets/videos/ad/mhxy-kol-menghuanjinian_005.ts,ts,5759004,,0,,
public/assets/videos/ad/mhxy-kol-menghuanjinian_006.ts,ts,1900116,,0,,
public/assets/videos/ad/mhxy-kol-menghuanjinian_007.ts,ts,5054380,,0,,
public/assets/videos/ad/mhxy-kol-menghuanjinian_008.ts,ts,2819060,,0,,
public/assets/videos/ad/mhxy-linli-haidaohunfang.m3u8,m3u8,513,4b80a6850dbbb0be,0,,
public/assets/videos/ad/mhxy-linli-haidaohunfang_000.ts,ts,5518364,,0,,
public/assets/videos/ad/mhxy-linli-haidaohunfang_001.ts,ts,3509020,,0,,
public/assets/videos/ad/mhxy-linli-haidaohunfang_002.ts,ts,2633316,,0,,
public/assets/videos/ad/mhxy-linli-haidaohunfang_003.ts,ts,5025428,,0,,
public/assets/videos/ad/mhxy-linli-haidaohunfang_004.ts,ts,901460,,0,,
public/assets/videos/ad/mhxy-linli-haidaohunfang_005.ts,ts,2712652,,0,,
public/assets/videos/ad/mhxy-linli-haidaohunfang_006.ts,ts,9117248,,0,,
public/assets/videos/ad/mhxy-linli-haidaohunfang_007.ts,ts,3867724,,0,,
public/assets/videos/ad/mhxy-linli-haoxiaoxi.m3u8,m3u8,435,0899d0261155b911,0,,
public/assets/videos/ad/mhxy-linli-haoxiaoxi_000.ts,ts,3266876,,0,,
public/assets/videos/ad/mhxy-linli-haoxiaoxi_001.ts,ts,4838932,,0,,
public/assets/videos/ad/mhxy-linli-haoxiaoxi_002.ts,ts,2461484,,0,,
public/assets/videos/ad/mhxy-linli-haoxiaoxi_003.ts,ts,3648516,,0,,
public/assets/videos/ad/mhxy-linli-haoxiaoxi_004.ts,ts,3095420,,0,,
public/assets/videos/ad/mhxy-linli-haoxiaoxi_005.ts,ts,1561152,,0,,
public/assets/videos/ad/mhxy-linli-haoxiaoxi_006.ts,ts,6244796,,0,,
public/assets/videos/ad/mhxy-shikong-chengbaquanfu.m3u8,m3u8,529,8dafe243009c01a9,0,,
public/assets/videos/ad/mhxy-shikong-chengbaquanfu_000.ts,ts,3450552,,0,,
public/assets/videos/ad/mhxy-shikong-chengbaquanfu_001.ts,ts,6895652,,0,,
public/assets/videos/ad/mhxy-shikong-chengbaquanfu_002.ts,ts,1930008,,0,,
public/assets/videos/ad/mhxy-shikong-chengbaquanfu_003.ts,ts,3883328,,0,,
public/assets/videos/ad/mhxy-shikong-chengbaquanfu_004.ts,ts,3979208,,0,,
public/assets/videos/ad/mhxy-shikong-chengbaquanfu_005.ts,ts,3841216,,0,,
public/assets/videos/ad/mhxy-shikong-chengbaquanfu_006.ts,ts,2557176,,0,,
public/assets/videos/ad/mhxy-shikong-chengbaquanfu_007.ts,ts,5132212,,0,,
public/assets/videos/ad/mhxy-tiandiqiju-wubufa.m3u8,m3u8,593,07fb65ca96dee206,0,,
public/assets/videos/ad/mhxy-tiandiqiju-wubufa_000.ts,ts,1610596,,0,,
public/assets/videos/ad/mhxy-tiandiqiju-wubufa_001.ts,ts,681876,,0,,
public/assets/videos/ad/mhxy-tiandiqiju-wubufa_002.ts,ts,1764380,,0,,
public/assets/videos/ad/mhxy-tiandiqiju-wubufa_003.ts,ts,2872264,,0,,
public/assets/videos/ad/mhxy-tiandiqiju-wubufa_004.ts,ts,1394772,,0,,
public/assets/videos/ad/mhxy-tiandiqiju-wubufa_005.ts,ts,1963284,,0,,
public/assets/videos/ad/mhxy-tiandiqiju-wubufa_006.ts,ts,1310548,,0,,
public/assets/videos/ad/mhxy-tiandiqiju-wubufa_007.ts,ts,59972,,0,,
public/assets/videos/ad/mhxy-tiandiqiju-wubufa_008.ts,ts,1285168,,0,,
public/assets/videos/ad/mhxy-tiandiqiju-wubufa_009.ts,ts,2893696,,0,,
public/assets/videos/ad/mhxy-tiandiqiju-xuanchuan.m3u8,m3u8,572,926ed7f096ffff7a,0,,
public/assets/videos/ad/mhxy-tiandiqiju-xuanchuan_000.ts,ts,1197372,,0,,
public/assets/videos/ad/mhxy-tiandiqiju-xuanchuan_001.ts,ts,1687300,,0,,
public/assets/videos/ad/mhxy-tiandiqiju-xuanchuan_002.ts,ts,1598376,,0,,
public/assets/videos/ad/mhxy-tiandiqiju-xuanchuan_003.ts,ts,1991108,,0,,
public/assets/videos/ad/mhxy-tiandiqiju-xuanchuan_004.ts,ts,2035100,,0,,
public/assets/videos/ad/mhxy-tiandiqiju-xuanchuan_005.ts,ts,1715876,,0,,
public/assets/videos/ad/mhxy-tiandiqiju-xuanchuan_006.ts,ts,3627836,,0,,
public/assets/videos/ad/mhxy-tiandiqiju-xuanchuan_007.ts,ts,2726940,,0,,
public/assets/videos/ad/mhxy-tiandiqiju-xuanchuan_008.ts,ts,169764,,0,,
public/assets/videos/ad/mhxy-tianpengyinyuan.m3u8,m3u8,481,1dbbfbc1b6541cab,0,,
public/assets/videos/ad/mhxy-tianpengyinyuan_000.ts,ts,1291184,,0,,
public/assets/videos/ad/mhxy-tianpengyinyuan_001.ts,ts,788848,,0,,
public/assets/videos/ad/mhxy-tianpengyinyuan_002.ts,ts,1885264,,0,,
public/assets/videos/ad/mhxy-tianpengyinyuan_003.ts,ts,1916660,,0,,
public/assets/videos/ad/mhxy-tianpengyinyuan_004.ts,ts,492560,,0,,
public/assets/videos/ad/mhxy-tianpengyinyuan_005.ts,ts,584304,,0,,
public/assets/videos/ad/mhxy-tianpengyinyuan_006.ts,ts,1445908,,0,,
public/assets/videos/ad/mhxy-tianpengyinyuan_007.ts,ts,2634256,,0,,
public/assets/videos/ad/mhxy-xianzugongzhu.m3u8,m3u8,509,f8878ebe680be0d4,0,,
public/assets/videos/ad/mhxy-xianzugongzhu_000.ts,ts,3099180,,0,,
public/assets/videos/ad/mhxy-xianzugongzhu_001.ts,ts,1479748,,0,,
public/assets/videos/ad/mhxy-xianzugongzhu_002.ts,ts,3138284,,0,,
public/assets/videos/ad/mhxy-xianzugongzhu_003.ts,ts,1895228,,0,,
public/assets/videos/ad/mhxy-xianzugongzhu_004.ts,ts,2042056,,0,,
public/assets/videos/ad/mhxy-xianzugongzhu_005.ts,ts,2502092,,0,,
public/assets/videos/ad/mhxy-xianzugongzhu_006.ts,ts,1867404,,0,,
public/assets/videos/ad/mhxy-xianzugongzhu_007.ts,ts,2425012,,0,,
public/assets/videos/ad/mhxy-xianzugongzhu_008.ts,ts,4207252,,0,,
public/assets/videos/ad/mhxy-xumihai-kongbunanhu.m3u8,m3u8,613,a5189bddb55e5d13,0,,
public/assets/videos/ad/mhxy-xumihai-kongbunanhu_000.ts,ts,6492016,,0,,
public/assets/videos/ad/mhxy-xumihai-kongbunanhu_001.ts,ts,3695892,,0,,
public/assets/videos/ad/mhxy-xumihai-kongbunanhu_002.ts,ts,4141076,,0,,
public/assets/videos/ad/mhxy-xumihai-kongbunanhu_003.ts,ts,2876588,,0,,
public/assets/videos/ad/mhxy-xumihai-kongbunanhu_004.ts,ts,1059568,,0,,
public/assets/videos/ad/mhxy-xumihai-kongbunanhu_005.ts,ts,1553632,,0,,
public/assets/videos/ad/mhxy-xumihai-kongbunanhu_006.ts,ts,4109116,,0,,
public/assets/videos/ad/mhxy-xumihai-kongbunanhu_007.ts,ts,1124992,,0,,
public/assets/videos/ad/mhxy-xumihai-kongbunanhu_008.ts,ts,2036228,,0,,
public/assets/videos/ad/mhxy-xumihai-kongbunanhu_009.ts,ts,5691888,,0,,
public/assets/videos/ad/nsh-zhenbuxianghua.m3u8,m3u8,553,878e79b8f7d56362,0,,
public/assets/videos/ad/nsh-zhenbuxianghua_000.ts,ts,1744452,,0,,
public/assets/videos/ad/nsh-zhenbuxianghua_001.ts,ts,1547804,,0,,
public/assets/videos/ad/nsh-zhenbuxianghua_002.ts,ts,4341860,,0,,
public/assets/videos/ad/nsh-zhenbuxianghua_003.ts,ts,1567544,,0,,
public/assets/videos/ad/nsh-zhenbuxianghua_004.ts,ts,2112556,,0,,
public/assets/videos/ad/nsh-zhenbuxianghua_005.ts,ts,6265852,,0,,
public/assets/videos/ad/nsh-zhenbuxianghua_006.ts,ts,3092224,,0,,
public/assets/videos/ad/nsh-zhenbuxianghua_007.ts,ts,2953668,,0,,
public/assets/videos/ad/nsh-zhenbuxianghua_008.ts,ts,4237332,,0,,
public/assets/videos/ad/nsh-zhenbuxianghua_009.ts,ts,2781460,,0,,
public/assets/videos/ad/peak-speed-duanwei.m3u8,m3u8,292,ab4e01a9e316ceaa,0,,
public/assets/videos/ad/peak-speed-duanwei_000.ts,ts,4152544,,0,,
public/assets/videos/ad/peak-speed-duanwei_001.ts,ts,5437712,,0,,
public/assets/videos/ad/peak-speed-duanwei_002.ts,ts,3046164,,0,,
public/assets/videos/ad/peak-speed-duanwei_003.ts,ts,3587980,,0,,
public/assets/videos/ad/peak-speed-gongce-fuli.m3u8,m3u8,401,01db509cc785d10e,0,,
public/assets/videos/ad/peak-speed-gongce-fuli_000.ts,ts,1911020,,0,,
public/assets/videos/ad/peak-speed-gongce-fuli_001.ts,ts,9431208,,0,,
public/assets/videos/ad/peak-speed-gongce-fuli_002.ts,ts,2352256,,0,,
public/assets/videos/ad/peak-speed-gongce-fuli_003.ts,ts,3452808,,0,,
public/assets/videos/ad/peak-speed-gongce-fuli_004.ts,ts,646344,,0,,
public/assets/videos/ad/peak-speed-gongce-fuli_005.ts,ts,3620504,,0,,
public/assets/videos/ad/sanqi-character-mix.m3u8,m3u8,473,15f709a7e7f13afa,0,,
public/assets/videos/ad/sanqi-character-mix_000.ts,ts,1646692,,0,,
public/assets/videos/ad/sanqi-character-mix_001.ts,ts,1841460,,0,,
public/assets/videos/ad/sanqi-character-mix_002.ts,ts,915560,,0,,
public/assets/videos/ad/sanqi-character-mix_003.ts,ts,1829804,,0,,
public/assets/videos/ad/sanqi-character-mix_004.ts,ts,1867968,,0,,
public/assets/videos/ad/sanqi-character-mix_005.ts,ts,926840,,0,,
public/assets/videos/ad/sanqi-character-mix_006.ts,ts,2669036,,0,,
public/assets/videos/ad/sanqi-character-mix_007.ts,ts,1084572,,0,,
public/assets/videos/ad/sjqy-fire-gun-battle.m3u8,m3u8,573,854c7c003a642741,0,,
public/assets/videos/ad/sjqy-fire-gun-battle_000.ts,ts,8547232,,0,,
public/assets/videos/ad/sjqy-fire-gun-battle_001.ts,ts,1326340,,0,,
public/assets/videos/ad/sjqy-fire-gun-battle_002.ts,ts,4546592,,0,,
public/assets/videos/ad/sjqy-fire-gun-battle_003.ts,ts,918192,,0,,
public/assets/videos/ad/sjqy-fire-gun-battle_004.ts,ts,1682224,,0,,
public/assets/videos/ad/sjqy-fire-gun-battle_005.ts,ts,3558840,,0,,
public/assets/videos/ad/sjqy-fire-gun-battle_006.ts,ts,3869604,,0,,
public/assets/videos/ad/sjqy-fire-gun-battle_007.ts,ts,1075736,,0,,
public/assets/videos/ad/sjqy-fire-gun-battle_008.ts,ts,1344200,,0,,
public/assets/videos/ad/sjqy-fire-gun-battle_009.ts,ts,1418648,,0,,
public/assets/videos/ad/sjqy-hardcore-vehicle.m3u8,m3u8,442,a46aeda9a665d253,0,,
public/assets/videos/ad/sjqy-hardcore-vehicle_000.ts,ts,2474832,,0,,
public/assets/videos/ad/sjqy-hardcore-vehicle_001.ts,ts,2758524,,0,,
public/assets/videos/ad/sjqy-hardcore-vehicle_002.ts,ts,1259976,,0,,
public/assets/videos/ad/sjqy-hardcore-vehicle_003.ts,ts,4732148,,0,,
public/assets/videos/ad/sjqy-hardcore-vehicle_004.ts,ts,3087336,,0,,
public/assets/videos/ad/sjqy-hardcore-vehicle_005.ts,ts,2089432,,0,,
public/assets/videos/ad/sjqy-hardcore-vehicle_006.ts,ts,1583336,,0,,
public/assets/videos/ad/slzh-2023-year-review.m3u8,m3u8,677,a21c6af1d843ed45,0,,
public/assets/videos/ad/slzh-2023-year-review_000.ts,ts,2749124,,0,,
public/assets/videos/ad/slzh-2023-year-review_001.ts,ts,1764380,,0,,
public/assets/videos/ad/slzh-2023-year-review_002.ts,ts,2022692,,0,,
public/assets/videos/ad/slzh-2023-year-review_003.ts,ts,3177012,,0,,
public/assets/videos/ad/slzh-2023-year-review_004.ts,ts,700300,,0,,
public/assets/videos/ad/slzh-2023-year-review_005.ts,ts,4353516,,0,,
public/assets/videos/ad/slzh-2023-year-review_006.ts,ts,1936400,,0,,
public/assets/videos/ad/slzh-2023-year-review_007.ts,ts,547832,,0,,
public/assets/videos/ad/slzh-2023-year-review_008.ts,ts,2784280,,0,,
public/assets/videos/ad/slzh-2023-year-review_009.ts,ts,3921680,,0,,
public/assets/videos/ad/slzh-2023-year-review_010.ts,ts,839984,,0,,
public/assets/videos/ad/slzh-2023-year-review_011.ts,ts,2890500,,0,,
public/assets/videos/ad/slzh-airuhuo.m3u8,m3u8,379,dc31fc37ff7554b2,0,,
public/assets/videos/ad/slzh-airuhuo_000.ts,ts,6113572,,0,,
public/assets/videos/ad/slzh-airuhuo_001.ts,ts,881156,,0,,
public/assets/videos/ad/slzh-airuhuo_002.ts,ts,1794272,,0,,
public/assets/videos/ad/slzh-airuhuo_003.ts,ts,2713404,,0,,
public/assets/videos/ad/slzh-airuhuo_004.ts,ts,1579952,,0,,
public/assets/videos/ad/slzh-airuhuo_005.ts,ts,2227612,,0,,
public/assets/videos/ad/slzh-airuhuo_006.ts,ts,1876992,,0,,
public/assets/videos/ad/slzh-cengmoshou.m3u8,m3u8,523,acf85ac85c4f2cb4,0,,
public/assets/videos/ad/slzh-cengmoshou_000.ts,ts,1208464,,0,,
public/assets/videos/ad/slzh-cengmoshou_001.ts,ts,4264592,,0,,
public/assets/videos/ad/slzh-cengmoshou_002.ts,ts,549900,,0,,
public/assets/videos/ad/slzh-cengmoshou_003.ts,ts,3268380,,0,,
public/assets/videos/ad/slzh-cengmoshou_004.ts,ts,1768704,,0,,
public/assets/videos/ad/slzh-cengmoshou_005.ts,ts,1402480,,0,,
public/assets/videos/ad/slzh-cengmoshou_006.ts,ts,1685796,,0,,
public/assets/videos/ad/slzh-cengmoshou_007.ts,ts,6728896,,0,,
public/assets/videos/ad/slzh-cengmoshou_008.ts,ts,975720,,0,,
public/assets/videos/ad/slzh-cengmoshou_009.ts,ts,2526720,,0,,
public/assets/videos/ad/slzh-dianshangluoji.m3u8,m3u8,428,9c500436f0108c39,0,,
public/assets/videos/ad/slzh-dianshangluoji_000.ts,ts,2468816,,0,,
public/assets/videos/ad/slzh-dianshangluoji_001.ts,ts,579792,,0,,
public/assets/videos/ad/slzh-dianshangluoji_002.ts,ts,1472040,,0,,
public/assets/videos/ad/slzh-dianshangluoji_003.ts,ts,1274076,,0,,
public/assets/videos/ad/slzh-dianshangluoji_004.ts,ts,936240,,0,,
public/assets/videos/ad/slzh-dianshangluoji_005.ts,ts,3127756,,0,,
public/assets/videos/ad/slzh-dianshangluoji_006.ts,ts,2156736,,0,,
public/assets/videos/ad/slzh-gaixielishi.m3u8,m3u8,577,c4e97134e729013f,0,,
public/assets/videos/ad/slzh-gaixielishi_000.ts,ts,1431996,,0,,
public/assets/videos/ad/slzh-gaixielishi_001.ts,ts,2466560,,0,,
public/assets/videos/ad/slzh-gaixielishi_002.ts,ts,1966292,,0,,
public/assets/videos/ad/slzh-gaixielishi_003.ts,ts,1832060,,0,,
public/assets/videos/ad/slzh-gaixielishi_004.ts,ts,1336680,,0,,
public/assets/videos/ad/slzh-gaixielishi_005.ts,ts,2970588,,0,,
public/assets/videos/ad/slzh-gaixielishi_006.ts,ts,2468440,,0,,
public/assets/videos/ad/slzh-gaixielishi_007.ts,ts,4852656,,0,,
public/assets/videos/ad/slzh-gaixielishi_008.ts,ts,1669628,,0,,
public/assets/videos/ad/slzh-gaixielishi_009.ts,ts,1752160,,0,,
public/assets/videos/ad/slzh-gaixielishi_010.ts,ts,45308,,0,,
public/assets/videos/ad/slzh-jiedifengdi.m3u8,m3u8,491,61a306e2b0909e2d,0,,
public/assets/videos/ad/slzh-jiedifengdi_000.ts,ts,2249232,,0,,
public/assets/videos/ad/slzh-jiedifengdi_001.ts,ts,3432128,,0,,
public/assets/videos/ad/slzh-jiedifengdi_002.ts,ts,1205644,,0,,
public/assets/videos/ad/slzh-jiedifengdi_003.ts,ts,2475772,,0,,
public/assets/videos/ad/slzh-jiedifengdi_004.ts,ts,2568080,,0,,
public/assets/videos/ad/slzh-jiedifengdi_005.ts,ts,3359936,,0,,
public/assets/videos/ad/slzh-jiedifengdi_006.ts,ts,800692,,0,,
public/assets/videos/ad/slzh-jiedifengdi_007.ts,ts,3763948,,0,,
public/assets/videos/ad/slzh-jiedifengdi_008.ts,ts,1794084,,0,,
public/assets/videos/ad/slzh-jinsimazhao.m3u8,m3u8,491,c47329d5a2179ed3,0,,
public/assets/videos/ad/slzh-jinsimazhao_000.ts,ts,3087148,,0,,
public/assets/videos/ad/slzh-jinsimazhao_001.ts,ts,3491536,,0,,
public/assets/videos/ad/slzh-jinsimazhao_002.ts,ts,1303216,,0,,
public/assets/videos/ad/slzh-jinsimazhao_003.ts,ts,928720,,0,,
public/assets/videos/ad/slzh-jinsimazhao_004.ts,ts,4567648,,0,,
public/assets/videos/ad/slzh-jinsimazhao_005.ts,ts,2288336,,0,,
public/assets/videos/ad/slzh-jinsimazhao_006.ts,ts,1502496,,0,,
public/assets/videos/ad/slzh-jinsimazhao_007.ts,ts,3362004,,0,,
public/assets/videos/ad/slzh-jinsimazhao_008.ts,ts,2234004,,0,,
public/assets/videos/ad/slzh-meirenhuajuan.m3u8,m3u8,421,47ff074d9a115b74,0,,
public/assets/videos/ad/slzh-meirenhuajuan_000.ts,ts,5247268,,0,,
public/assets/videos/ad/slzh-meirenhuajuan_001.ts,ts,2747056,,0,,
public/assets/videos/ad/slzh-meirenhuajuan_002.ts,ts,2897456,,0,,
public/assets/videos/ad/slzh-meirenhuajuan_003.ts,ts,2886928,,0,,
public/assets/videos/ad/slzh-meirenhuajuan_004.ts,ts,6628128,,0,,
public/assets/videos/ad/slzh-meirenhuajuan_005.ts,ts,3300340,,0,,
public/assets/videos/ad/slzh-meirenhuajuan_006.ts,ts,3244692,,0,,
public/assets/videos/ad/slzh-pugc-girls.m3u8,m3u8,605,5fb95276b68dde16,0,,
public/assets/videos/ad/slzh-pugc-girls_000.ts,ts,5553708,,0,,
public/assets/videos/ad/slzh-pugc-girls_001.ts,ts,2167076,,0,,
public/assets/videos/ad/slzh-pugc-girls_002.ts,ts,3239240,,0,,
public/assets/videos/ad/slzh-pugc-girls_003.ts,ts,1071600,,0,,
public/assets/videos/ad/slzh-pugc-girls_004.ts,ts,3603396,,0,,
public/assets/videos/ad/slzh-pugc-girls_005.ts,ts,2435164,,0,,
public/assets/videos/ad/slzh-pugc-girls_006.ts,ts,504968,,0,,
public/assets/videos/ad/slzh-pugc-girls_007.ts,ts,2916068,,0,,
public/assets/videos/ad/slzh-pugc-girls_008.ts,ts,1987348,,0,,
public/assets/videos/ad/slzh-pugc-girls_009.ts,ts,3047104,,0,,
public/assets/videos/ad/slzh-pugc-girls_010.ts,ts,3655096,,0,,
public/assets/videos/ad/slzh-pugc-girls_011.ts,ts,3806248,,0,,
public/assets/videos/ad/slzh-pugc-zhurong.m3u8,m3u8,586,12227fa60bd9c8b6,0,,
public/assets/videos/ad/slzh-pugc-zhurong_000.ts,ts,5398420,,0,,
public/assets/videos/ad/slzh-pugc-zhurong_001.ts,ts,2699680,,0,,
public/assets/videos/ad/slzh-pugc-zhurong_002.ts,ts,1382364,,0,,
public/assets/videos/ad/slzh-pugc-zhurong_003.ts,ts,2693476,,0,,
public/assets/videos/ad/slzh-pugc-zhurong_004.ts,ts,1857816,,0,,
public/assets/videos/ad/slzh-pugc-zhurong_005.ts,ts,3812828,,0,,
public/assets/videos/ad/slzh-pugc-zhurong_006.ts,ts,2988636,,0,,
public/assets/videos/ad/slzh-pugc-zhurong_007.ts,ts,5252344,,0,,
public/assets/videos/ad/slzh-pugc-zhurong_008.ts,ts,1485012,,0,,
public/assets/videos/ad/slzh-pugc-zhurong_009.ts,ts,2321424,,0,,
public/assets/videos/ad/slzh-pugc-zhurong_010.ts,ts,2015924,,0,,
public/assets/videos/ad/slzh-sanzhanchaoxi.m3u8,m3u8,554,75e27e12cb9c6b50,0,,
public/assets/videos/ad/slzh-sanzhanchaoxi_000.ts,ts,882284,,0,,
public/assets/videos/ad/slzh-sanzhanchaoxi_001.ts,ts,2064428,,0,,
public/assets/videos/ad/slzh-sanzhanchaoxi_002.ts,ts,2863804,,0,,
public/assets/videos/ad/slzh-sanzhanchaoxi_003.ts,ts,1309984,,0,,
public/assets/videos/ad/slzh-sanzhanchaoxi_004.ts,ts,1026104,,0,,
public/assets/videos/ad/slzh-sanzhanchaoxi_005.ts,ts,1233468,,0,,
public/assets/videos/ad/slzh-sanzhanchaoxi_006.ts,ts,2819812,,0,,
public/assets/videos/ad/slzh-sanzhanchaoxi_007.ts,ts,1129316,,0,,
public/assets/videos/ad/slzh-sanzhanchaoxi_008.ts,ts,745608,,0,,
public/assets/videos/ad/slzh-sanzhanchaoxi_009.ts,ts,1574876,,0,,
public/assets/videos/ad/slzh-wuxingxunyu.m3u8,m3u8,449,5f9640d4d6da8dd1,0,,
public/assets/videos/ad/slzh-wuxingxunyu_000.ts,ts,3777484,,0,,
public/assets/videos/ad/slzh-wuxingxunyu_001.ts,ts,4202552,,0,,
public/assets/videos/ad/slzh-wuxingxunyu_002.ts,ts,1928316,,0,,
public/assets/videos/ad/slzh-wuxingxunyu_003.ts,ts,564940,,0,,
public/assets/videos/ad/slzh-wuxingxunyu_004.ts,ts,2555108,,0,,
public/assets/videos/ad/slzh-wuxingxunyu_005.ts,ts,2143388,,0,,
public/assets/videos/ad/slzh-wuxingxunyu_006.ts,ts,3547936,,0,,
public/assets/videos/ad/slzh-wuxingxunyu_007.ts,ts,2267656,,0,,
public/assets/videos/ad/slzh-yizidangtou.m3u8,m3u8,449,0281297e4aaa0e18,0,,
public/assets/videos/ad/slzh-yizidangtou_000.ts,ts,5292576,,0,,
public/assets/videos/ad/slzh-yizidangtou_001.ts,ts,1897484,,0,,
public/assets/videos/ad/slzh-yizidangtou_002.ts,ts,1574124,,0,,
public/assets/videos/ad/slzh-yizidangtou_003.ts,ts,1763628,,0,,
public/assets/videos/ad/slzh-yizidangtou_004.ts,ts,2811352,,0,,
public/assets/videos/ad/slzh-yizidangtou_005.ts,ts,1846724,,0,,
public/assets/videos/ad/slzh-yizidangtou_006.ts,ts,4880292,,0,,
public/assets/videos/ad/slzh-yizidangtou_007.ts,ts,2296232,,0,,
public/assets/videos/ad/slzh-zhubochouka.m3u8,m3u8,449,df4597ce7d5a820e,0,,
public/assets/videos/ad/slzh-zhubochouka_000.ts,ts,2747996,,0,,
public/assets/videos/ad/slzh-zhubochouka_001.ts,ts,3133584,,0,,
public/assets/videos/ad/slzh-zhubochouka_002.ts,ts,2663208,,0,,
public/assets/videos/ad/slzh-zhubochouka_003.ts,ts,3277592,,0,,
public/assets/videos/ad/slzh-zhubochouka_004.ts,ts,2468252,,0,,
public/assets/videos/ad/slzh-zhubochouka_005.ts,ts,2687460,,0,,
public/assets/videos/ad/slzh-zhubochouka_006.ts,ts,2083228,,0,,
public/assets/videos/ad/slzh-zhubochouka_007.ts,ts,2140380,,0,,
public/assets/videos/ad/uu-heikeji.m3u8,m3u8,297,c2e56a7260738ad0,0,,
public/assets/videos/ad/uu-heikeji_000.ts,ts,1723396,,0,,
public/assets/videos/ad/uu-heikeji_001.ts,ts,2608124,,0,,
public/assets/videos/ad/uu-heikeji_002.ts,ts,1971556,,0,,
public/assets/videos/ad/uu-heikeji_003.ts,ts,401004,,0,,
public/assets/videos/ad/uu-heikeji_004.ts,ts,1599128,,0,,
public/assets/videos/ad/xxyx-character-showcase.m3u8,m3u8,407,e8b1052ead141814,0,,
public/assets/videos/ad/xxyx-character-showcase_000.ts,ts,462856,,0,,
public/assets/videos/ad/xxyx-character-showcase_001.ts,ts,7586364,,0,,
public/assets/videos/ad/xxyx-character-showcase_002.ts,ts,4897024,,0,,
public/assets/videos/ad/xxyx-character-showcase_003.ts,ts,3372532,,0,,
public/assets/videos/ad/xxyx-character-showcase_004.ts,ts,3251084,,0,,
public/assets/videos/ad/xxyx-character-showcase_005.ts,ts,1087956,,0,,
public/assets/videos/ad/yys-xinqu-mianfeipifu.m3u8,m3u8,631,d7b70f9eae7e6704,0,,
public/assets/videos/ad/yys-xinqu-mianfeipifu_000.ts,ts,558172,,0,,
public/assets/videos/ad/yys-xinqu-mianfeipifu_001.ts,ts,1529380,,0,,
public/assets/videos/ad/yys-xinqu-mianfeipifu_002.ts,ts,887172,,0,,
public/assets/videos/ad/yys-xinqu-mianfeipifu_003.ts,ts,3030184,,0,,
public/assets/videos/ad/yys-xinqu-mianfeipifu_004.ts,ts,2095636,,0,,
public/assets/videos/ad/yys-xinqu-mianfeipifu_005.ts,ts,581484,,0,,
public/assets/videos/ad/yys-xinqu-mianfeipifu_006.ts,ts,4498088,,0,,
public/assets/videos/ad/yys-xinqu-mianfeipifu_007.ts,ts,684696,,0,,
public/assets/videos/ad/yys-xinqu-mianfeipifu_008.ts,ts,864800,,0,,
public/assets/videos/ad/yys-xinqu-mianfeipifu_009.ts,ts,2453400,,0,,
public/assets/videos/ad/yys-xinqu-mianfeipifu_010.ts,ts,1845972,,0,,
public/assets/videos/ad/yys-xinshishen.m3u8,m3u8,433,51569ed2446fa1c2,0,,
public/assets/videos/ad/yys-xinshishen_000.ts,ts,1361496,,0,,
public/assets/videos/ad/yys-xinshishen_001.ts,ts,3160280,,0,,
public/assets/videos/ad/yys-xinshishen_002.ts,ts,3033004,,0,,
public/assets/videos/ad/yys-xinshishen_003.ts,ts,2972468,,0,,
public/assets/videos/ad/yys-xinshishen_004.ts,ts,2511116,,0,,
public/assets/videos/ad/yys-xinshishen_005.ts,ts,595020,,0,,
public/assets/videos/ad/yys-xinshishen_006.ts,ts,2413168,,0,,
public/assets/videos/ad/yys-xinshishen_007.ts,ts,1957644,,0,,
public/assets/videos/ad/yys-yinhun-liandong.m3u8,m3u8,473,47aa56b6f4d1622f,0,,
public/assets/videos/ad/yys-yinhun-liandong_000.ts,ts,5685308,,0,,
public/assets/videos/ad/yys-yinhun-liandong_001.ts,ts,1289304,,0,,
public/assets/videos/ad/yys-yinhun-liandong_002.ts,ts,1966668,,0,,
public/assets/videos/ad/yys-yinhun-liandong_003.ts,ts,1713620,,0,,
public/assets/videos/ad/yys-yinhun-liandong_004.ts,ts,3358808,,0,,
public/assets/videos/ad/yys-yinhun-liandong_005.ts,ts,5015464,,0,,
public/assets/videos/ad/yys-yinhun-liandong_006.ts,ts,1596872,,0,,
public/assets/videos/ad/yys-yinhun-liandong_007.ts,ts,2681820,,0,,
public/assets/videos/game-ui/ae-sci-fi-win.m3u8,m3u8,191,d7ef3845244b3eeb,0,,
public/assets/videos/game-ui/ae-sci-fi-win_000.ts,ts,6988524,,0,,
public/assets/videos/game-ui/ae-sci-fi-win_001.ts,ts,63732,,0,,
public/assets/videos/game-ui/erciyuan-7day-signin.m3u8,m3u8,159,f7df9e4f3b20a15c,0,,
public/assets/videos/game-ui/erciyuan-7day-signin_000.ts,ts,5809576,,0,,
public/assets/videos/game-ui/gongxi-gacha.m3u8,m3u8,189,995abb9f451c2d11,0,,
public/assets/videos/game-ui/gongxi-gacha_000.ts,ts,3462208,,0,,
public/assets/videos/game-ui/gongxi-gacha_001.ts,ts,320728,,0,,
public/assets/videos/game-ui/lobby-card.m3u8,m3u8,149,2349ae85cdd00c36,0,,
public/assets/videos/game-ui/lobby-card_000.ts,ts,877396,,0,,
public/assets/videos/game-ui/lobby-game-start.m3u8,m3u8,197,231cf96284811933,0,,
public/assets/videos/game-ui/lobby-game-start_000.ts,ts,1060508,,0,,
public/assets/videos/game-ui/lobby-game-start_001.ts,ts,801632,,0,,
public/assets/videos/game-ui/lobby-main-menu.m3u8,m3u8,195,418d38d17b42ead4,0,,
public/assets/videos/game-ui/lobby-main-menu_000.ts,ts,557608,,0,,
public/assets/videos/game-ui/lobby-main-menu_001.ts,ts,263012,,0,,
public/assets/videos/game-ui/lobby-signin.m3u8,m3u8,189,73c152e9092690d4,0,,
public/assets/videos/game-ui/lobby-signin_000.ts,ts,1448164,,0,,
public/assets/videos/game-ui/lobby-signin_001.ts,ts,94000,,0,,
public/assets/videos/game-ui/ue5-icon-motion-1.m3u8,m3u8,156,e3f2395b29000dcf,0,,
public/assets/videos/game-ui/ue5-icon-motion-1_000.ts,ts,170704,,0,,
public/assets/videos/game-ui/ue5-icon-motion-2.m3u8,m3u8,156,e327733394acbb0e,0,,
public/assets/videos/game-ui/ue5-icon-motion-2_000.ts,ts,240076,,0,,
public/assets/videos/game-ui/unity-chest-open.m3u8,m3u8,239,8e0c3260ccca96f2,0,,
public/assets/videos/game-ui/unity-chest-open_000.ts,ts,10254836,,0,,
public/assets/videos/game-ui/unity-chest-open_001.ts,ts,7601216,,0,,
public/assets/videos/game-ui/unity-chest-open_002.ts,ts,7518308,,0,,
public/assets/videos/hearthstone/hs-blue-glow.m3u8,m3u8,151,ae1ff61b9e836748,0,,
public/assets/videos/hearthstone/hs-blue-glow_000.ts,ts,519632,,0,,
public/assets/videos/hearthstone/hs-five-draw.m3u8,m3u8,151,24225760dce3f4d9,0,,
public/assets/videos/hearthstone/hs-five-draw_000.ts,ts,946016,,0,,
public/assets/videos/hearthstone/hs-gold-glow.m3u8,m3u8,151,cff1ea0675bd1007,0,,
public/assets/videos/hearthstone/hs-gold-glow_000.ts,ts,443492,,0,,
public/assets/videos/hearthstone/hs-purple-glow.m3u8,m3u8,153,4070d3aae6d7613f,0,,
public/assets/videos/hearthstone/hs-purple-glow_000.ts,ts,386716,,0,,
public/assets/videos/hearthstone/hs-single-draw.m3u8,m3u8,153,026c7e20d05b5f0b,0,,
public/assets/videos/hearthstone/hs-single-draw_000.ts,ts,356636,,0,,
public/assets/videos/hearthstone/hs-task-refresh.m3u8,m3u8,154,512ae11f618ffc4b,0,,
public/assets/videos/hearthstone/hs-task-refresh_000.ts,ts,734516,,0,,
public/assets/videos/hearthstone/hs-upgrade.m3u8,m3u8,149,75aba4860c8c8133,0,,
public/assets/videos/hearthstone/hs-upgrade_000.ts,ts,1036256,,0,,
public/assets/videos/naraka/naraka-anniversary-kv.m3u8,m3u8,160,5965f94264fd1471,0,,
public/assets/videos/naraka/naraka-anniversary-kv_000.ts,ts,666084,,0,,
public/assets/videos/naraka/naraka-shangbo-demo.m3u8,m3u8,158,9f1f832fdbacaec3,0,,
public/assets/videos/naraka/naraka-shangbo-demo_000.ts,ts,8892776,,0,,
public/assets/videos/naraka/naraka-shangbo-demo_001.ts,ts,3805872,,0,,
public/assets/videos/nsh/nsh-golden-kv.m3u8,m3u8,152,b2c3adbf3b6bb88b,0,,
public/assets/videos/nsh/nsh-golden-kv_000.ts,ts,6086688,,0,,
public/assets/videos/nsh/nsh-jiuzhou-mijing.m3u8,m3u8,333,289a6ed9fac2cd20,0,,
public/assets/videos/nsh/nsh-jiuzhou-mijing_000.ts,ts,4793248,,0,,
public/assets/videos/nsh/nsh-jiuzhou-mijing_001.ts,ts,8306592,,0,,
public/assets/videos/nsh/nsh-jiuzhou-mijing_002.ts,ts,9169324,,0,,
public/assets/videos/nsh/nsh-jiuzhou-mijing_003.ts,ts,5175076,,0,,
public/assets/videos/nsh/nsh-jiuzhou-mijing_004.ts,ts,2159932,,0,,
public/assets/videos/promo/7days-world-xmt-promo.m3u8,m3u8,585,2364b432e7ff6ee9,0,,
public/assets/videos/promo/7days-world-xmt-promo_000.ts,ts,1315248,,0,,
public/assets/videos/promo/7days-world-xmt-promo_001.ts,ts,1566980,,0,,
public/assets/videos/promo/7days-world-xmt-promo_002.ts,ts,799376,,0,,
public/assets/videos/promo/7days-world-xmt-promo_003.ts,ts,2709268,,0,,
public/assets/videos/promo/7days-world-xmt-promo_004.ts,ts,542944,,0,,
public/assets/videos/promo/7days-world-xmt-promo_005.ts,ts,2789732,,0,,
public/assets/videos/promo/7days-world-xmt-promo_006.ts,ts,35908,,0,,
public/assets/videos/promo/7days-world-xmt-promo_007.ts,ts,1139844,,0,,
public/assets/videos/promo/7days-world-xmt-promo_008.ts,ts,1722644,,0,,
public/assets/videos/promo/7days-world-xmt-promo_009.ts,ts,243836,,0,,
public/assets/videos/promo/diablo3-promo.m3u8,m3u8,269,ed320638b14a6e55,0,,
public/assets/videos/promo/diablo3-promo_000.ts,ts,2003704,,0,,
public/assets/videos/promo/diablo3-promo_001.ts,ts,1761372,,0,,
public/assets/videos/promo/diablo3-promo_002.ts,ts,1075924,,0,,
public/assets/videos/promo/diablo3-promo_003.ts,ts,671912,,0,,
public/assets/videos/promo/forgotten-sea-promo.m3u8,m3u8,428,b1dc48b96d978b35,0,,
public/assets/videos/promo/forgotten-sea-promo_000.ts,ts,2965136,,0,,
public/assets/videos/promo/forgotten-sea-promo_001.ts,ts,3051052,,0,,
public/assets/videos/promo/forgotten-sea-promo_002.ts,ts,4389612,,0,,
public/assets/videos/promo/forgotten-sea-promo_003.ts,ts,2528600,,0,,
public/assets/videos/promo/forgotten-sea-promo_004.ts,ts,4450336,,0,,
public/assets/videos/promo/forgotten-sea-promo_005.ts,ts,1679404,,0,,
public/assets/videos/promo/forgotten-sea-promo_006.ts,ts,155476,,0,,
public/assets/videos/promo/headshot-xmt-promo.m3u8,m3u8,687,9b4368b43d1f57cf,0,,
public/assets/videos/promo/headshot-xmt-promo_000.ts,ts,1021404,,0,,
public/assets/videos/promo/headshot-xmt-promo_001.ts,ts,681500,,0,,
public/assets/videos/promo/headshot-xmt-promo_002.ts,ts,687140,,0,,
public/assets/videos/promo/headshot-xmt-promo_003.ts,ts,199092,,0,,
public/assets/videos/promo/headshot-xmt-promo_004.ts,ts,188000,,0,,
public/assets/videos/promo/headshot-xmt-promo_005.ts,ts,629988,,0,,
public/assets/videos/promo/headshot-xmt-promo_006.ts,ts,847316,,0,,
public/assets/videos/promo/headshot-xmt-promo_007.ts,ts,361900,,0,,
public/assets/videos/promo/headshot-xmt-promo_008.ts,ts,1968172,,0,,
public/assets/videos/promo/headshot-xmt-promo_009.ts,ts,2323868,,0,,
public/assets/videos/promo/headshot-xmt-promo_010.ts,ts,1660416,,0,,
public/assets/videos/promo/headshot-xmt-promo_011.ts,ts,3187540,,0,,
public/assets/videos/promo/headshot-xmt-promo_012.ts,ts,473760,,0,,
public/assets/videos/promo/peak-speed-map-reveal.m3u8,m3u8,536,cb70f21f3753e48c,0,,
public/assets/videos/promo/peak-speed-map-reveal_000.ts,ts,2391736,,0,,
public/assets/videos/promo/peak-speed-map-reveal_001.ts,ts,4767868,,0,,
public/assets/videos/promo/peak-speed-map-reveal_002.ts,ts,2094508,,0,,
public/assets/videos/promo/peak-speed-map-reveal_003.ts,ts,3340760,,0,,
public/assets/videos/promo/peak-speed-map-reveal_004.ts,ts,5047988,,0,,
public/assets/videos/promo/peak-speed-map-reveal_005.ts,ts,3747216,,0,,
public/assets/videos/promo/peak-speed-map-reveal_006.ts,ts,2722992,,0,,
public/assets/videos/promo/peak-speed-map-reveal_007.ts,ts,4387168,,0,,
public/assets/videos/promo/peak-speed-map-reveal_008.ts,ts,4676312,,0,,
public/assets/videos/qingnv/qingnv-guild-arena.m3u8,m3u8,201,1b72b9915dcea133,0,,
public/assets/videos/qingnv/qingnv-guild-arena_000.ts,ts,8492524,,0,,
public/assets/videos/qingnv/qingnv-guild-arena_001.ts,ts,2455656,,0,,
public/assets/videos/qingnv/qingnv-national-cup.m3u8,m3u8,248,8d70fd7248aec4ba,0,,
public/assets/videos/qingnv/qingnv-national-cup_000.ts,ts,7073124,,0,,
public/assets/videos/qingnv/qingnv-national-cup_001.ts,ts,5250276,,0,,
public/assets/videos/qingnv/qingnv-national-cup_002.ts,ts,2775068,,0,,
public/assets/videos/rd/rd-mini-program.m3u8,m3u8,154,54b4cb9632ddbf85,0,,
public/assets/videos/rd/rd-mini-program_000.ts,ts,617016,,0,,
public/assets/videos/rd/rd-official-demo.m3u8,m3u8,617,00614270c9a86f5d,0,,
public/assets/videos/rd/rd-official-demo_000.ts,ts,3851368,,0,,
public/assets/videos/rd/rd-official-demo_001.ts,ts,4512564,,0,,
public/assets/videos/rd/rd-official-demo_002.ts,ts,4747000,,0,,
public/assets/videos/rd/rd-official-demo_003.ts,ts,6216784,,0,,
public/assets/videos/rd/rd-official-demo_004.ts,ts,3902880,,0,,
public/assets/videos/rd/rd-official-demo_005.ts,ts,3759248,,0,,
public/assets/videos/rd/rd-official-demo_006.ts,ts,2492692,,0,,
public/assets/videos/rd/rd-official-demo_007.ts,ts,1648384,,0,,
public/assets/videos/rd/rd-official-demo_008.ts,ts,1686924,,0,,
public/assets/videos/rd/rd-official-demo_009.ts,ts,4471956,,0,,
public/assets/videos/rd/rd-official-demo_010.ts,ts,3614676,,0,,
public/assets/videos/rd/rd-official-demo_011.ts,ts,1939596,,0,,
public/assets/videos/social/social-24h-livestream.m3u8,m3u8,536,61c56526be9db35f,0,,
public/assets/videos/social/social-24h-livestream_000.ts,ts,5246704,,0,,
public/assets/videos/social/social-24h-livestream_001.ts,ts,3452808,,0,,
public/assets/videos/social/social-24h-livestream_002.ts,ts,3683296,,0,,
public/assets/videos/social/social-24h-livestream_003.ts,ts,3695140,,0,,
public/assets/videos/social/social-24h-livestream_004.ts,ts,7028944,,0,,
public/assets/videos/social/social-24h-livestream_005.ts,ts,6440128,,0,,
public/assets/videos/social/social-24h-livestream_006.ts,ts,5352924,,0,,
public/assets/videos/social/social-24h-livestream_007.ts,ts,4126224,,0,,
public/assets/videos/social/social-24h-livestream_008.ts,ts,3800608,,0,,
public/assets/videos/social/social-ai-ambition.m3u8,m3u8,333,c0636b956fec9019,0,,
public/assets/videos/social/social-ai-ambition_000.ts,ts,3886148,,0,,
public/assets/videos/social/social-ai-ambition_001.ts,ts,4178300,,0,,
public/assets/videos/social/social-ai-ambition_002.ts,ts,4712032,,0,,
public/assets/videos/social/social-ai-ambition_003.ts,ts,3364636,,0,,
public/assets/videos/social/social-ai-ambition_004.ts,ts,1548932,,0,,
public/assets/videos/social/social-ai-fatcat.m3u8,m3u8,281,6c9eee5364b0aa1b,0,,
public/assets/videos/social/social-ai-fatcat_000.ts,ts,7185736,,0,,
public/assets/videos/social/social-ai-fatcat_001.ts,ts,683380,,0,,
public/assets/videos/social/social-ai-fatcat_002.ts,ts,3932020,,0,,
public/assets/videos/social/social-ai-fatcat_003.ts,ts,3799480,,0,,
public/assets/videos/social/social-downed-rescue.m3u8,m3u8,343,8f5ba7a94e58eaae,0,,
public/assets/videos/social/social-downed-rescue_000.ts,ts,1458504,,0,,
public/assets/videos/social/social-downed-rescue_001.ts,ts,2010472,,0,,
public/assets/videos/social/social-downed-rescue_002.ts,ts,2298488,,0,,
public/assets/videos/social/social-downed-rescue_003.ts,ts,1715500,,0,,
public/assets/videos/social/social-downed-rescue_004.ts,ts,1064080,,0,,
public/assets/videos/social/social-easy-cut.m3u8,m3u8,236,edda08d8b4d6c044,0,,
public/assets/videos/social/social-easy-cut_000.ts,ts,5479260,,0,,
public/assets/videos/social/social-easy-cut_001.ts,ts,4430408,,0,,
public/assets/videos/social/social-easy-cut_002.ts,ts,3358996,,0,,
public/assets/videos/social/social-english-corner.m3u8,m3u8,254,656af0f16195f1fd,0,,
public/assets/videos/social/social-english-corner_000.ts,ts,2235132,,0,,
public/assets/videos/social/social-english-corner_001.ts,ts,2456972,,0,,
public/assets/videos/social/social-english-corner_002.ts,ts,124080,,0,,
public/assets/videos/social/social-essay.m3u8,m3u8,455,ec33934775e96236,0,,
public/assets/videos/social/social-essay_000.ts,ts,4137128,,0,,
public/assets/videos/social/social-essay_001.ts,ts,2367672,,0,,
public/assets/videos/social/social-essay_002.ts,ts,2353948,,0,,
public/assets/videos/social/social-essay_003.ts,ts,4593968,,0,,
public/assets/videos/social/social-essay_004.ts,ts,2073264,,0,,
public/assets/videos/social/social-essay_005.ts,ts,2120264,,0,,
public/assets/videos/social/social-essay_006.ts,ts,4556556,,0,,
public/assets/videos/social/social-essay_007.ts,ts,3058008,,0,,
public/assets/videos/social/social-essay_008.ts,ts,1119916,,0,,
public/assets/videos/social/social-framed.m3u8,m3u8,308,af31ac0b12ad6982,0,,
public/assets/videos/social/social-framed_000.ts,ts,9522952,,0,,
public/assets/videos/social/social-framed_001.ts,ts,8025344,,0,,
public/assets/videos/social/social-framed_002.ts,ts,2920204,,0,,
public/assets/videos/social/social-framed_003.ts,ts,6436744,,0,,
public/assets/videos/social/social-framed_004.ts,ts,305312,,0,,
public/assets/videos/social/social-idv-marketing.m3u8,m3u8,435,5ba6f50f5a6198f7,0,,
public/assets/videos/social/social-idv-marketing_000.ts,ts,309072,,0,,
public/assets/videos/social/social-idv-marketing_001.ts,ts,414916,,0,,
public/assets/videos/social/social-idv-marketing_002.ts,ts,847316,,0,,
public/assets/videos/social/social-idv-marketing_003.ts,ts,209056,,0,,
public/assets/videos/social/social-idv-marketing_004.ts,ts,444432,,0,,
public/assets/videos/social/social-idv-marketing_005.ts,ts,467180,,0,,
public/assets/videos/social/social-idv-marketing_006.ts,ts,241580,,0,,
public/assets/videos/social/social-idv-math.m3u8,m3u8,441,23fa4bbf574c6795,0,,
public/assets/videos/social/social-idv-math_000.ts,ts,7113168,,0,,
public/assets/videos/social/social-idv-math_001.ts,ts,1818148,,0,,
public/assets/videos/social/social-idv-math_002.ts,ts,4388672,,0,,
public/assets/videos/social/social-idv-math_003.ts,ts,3668820,,0,,
public/assets/videos/social/social-idv-math_004.ts,ts,4521964,,0,,
public/assets/videos/social/social-idv-math_005.ts,ts,1526748,,0,,
public/assets/videos/social/social-idv-math_006.ts,ts,4652624,,0,,
public/assets/videos/social/social-idv-math_007.ts,ts,1441584,,0,,
public/assets/videos/social/social-lanv.m3u8,m3u8,631,1d14c67445205dd5,0,,
public/assets/videos/social/social-lanv_000.ts,ts,1297012,,0,,
public/assets/videos/social/social-lanv_001.ts,ts,855400,,0,,
public/assets/videos/social/social-lanv_002.ts,ts,1503812,,0,,
public/assets/videos/social/social-lanv_003.ts,ts,427136,,0,,
public/assets/videos/social/social-lanv_004.ts,ts,1297200,,0,,
public/assets/videos/social/social-lanv_005.ts,ts,1388192,,0,,
public/assets/videos/social/social-lanv_006.ts,ts,1221624,,0,,
public/assets/videos/social/social-lanv_007.ts,ts,2200540,,0,,
public/assets/videos/social/social-lanv_008.ts,ts,595020,,0,,
public/assets/videos/social/social-lanv_009.ts,ts,1252080,,0,,
public/assets/videos/social/social-lanv_010.ts,ts,509668,,0,,
public/assets/videos/social/social-lanv_011.ts,ts,1044716,,0,,
public/assets/videos/social/social-lanv_012.ts,ts,423564,,0,,
public/assets/videos/social/social-lanv_013.ts,ts,109040,,0,,
public/assets/videos/social/social-meme-pack.m3u8,m3u8,239,490dcd9b7e5c117b,0,,
public/assets/videos/social/social-meme-pack_000.ts,ts,1892220,,0,,
public/assets/videos/social/social-meme-pack_001.ts,ts,1592924,,0,,
public/assets/videos/social/social-meme-pack_002.ts,ts,361524,,0,,
public/assets/videos/social/social-props-attitude.m3u8,m3u8,254,2ccdde4bc515e998,0,,
public/assets/videos/social/social-props-attitude_000.ts,ts,239324,,0,,
public/assets/videos/social/social-props-attitude_001.ts,ts,103776,,0,,
public/assets/videos/social/social-props-attitude_002.ts,ts,557232,,0,,
public/assets/videos/social/social-wolf-in-office.m3u8,m3u8,207,895ff92d0e8efdeb,0,,
public/assets/videos/social/social-wolf-in-office_000.ts,ts,9671848,,0,,
public/assets/videos/social/social-wolf-in-office_001.ts,ts,11133924,,0,,
public/assets/videos/social/social-yanyi-star.m3u8,m3u8,1532,8617eddea327e357,0,,
public/assets/videos/social/social-yanyi-star_000.ts,ts,2048260,,0,,
public/assets/videos/social/social-yanyi-star_001.ts,ts,1273324,,0,,
public/assets/videos/social/social-yanyi-star_002.ts,ts,1272384,,0,,
public/assets/videos/social/social-yanyi-star_003.ts,ts,1268248,,0,,
public/assets/videos/social/social-yanyi-star_004.ts,ts,1582960,,0,,
public/assets/videos/social/social-yanyi-star_005.ts,ts,1983400,,0,,
public/assets/videos/social/social-yanyi-star_006.ts,ts,2178544,,0,,
public/assets/videos/social/social-yanyi-star_007.ts,ts,1741820,,0,,
public/assets/videos/social/social-yanyi-star_008.ts,ts,2044688,,0,,
public/assets/videos/social/social-yanyi-star_009.ts,ts,1839204,,0,,
public/assets/videos/social/social-yanyi-star_010.ts,ts,1380108,,0,,
public/assets/videos/social/social-yanyi-star_011.ts,ts,1328408,,0,,
public/assets/videos/social/social-yanyi-star_012.ts,ts,1341568,,0,,
public/assets/videos/social/social-yanyi-star_013.ts,ts,849008,,0,,
public/assets/videos/social/social-yanyi-star_014.ts,ts,1310736,,0,,
public/assets/videos/social/social-yanyi-star_015.ts,ts,993392,,0,,
public/assets/videos/social/social-yanyi-star_016.ts,ts,1043400,,0,,
public/assets/videos/social/social-yanyi-star_017.ts,ts,1994304,,0,,
public/assets/videos/social/social-yanyi-star_018.ts,ts,1677524,,0,,
public/assets/videos/social/social-yanyi-star_019.ts,ts,1028924,,0,,
public/assets/videos/social/social-yanyi-star_020.ts,ts,828140,,0,,
public/assets/videos/social/social-yanyi-star_021.ts,ts,889428,,0,,
public/assets/videos/social/social-yanyi-star_022.ts,ts,1024976,,0,,
public/assets/videos/social/social-yanyi-star_023.ts,ts,1486140,,0,,
public/assets/videos/social/social-yanyi-star_024.ts,ts,747488,,0,,
public/assets/videos/social/social-yanyi-star_025.ts,ts,1344576,,0,,
public/assets/videos/social/social-yanyi-star_026.ts,ts,1635976,,0,,
public/assets/videos/social/social-yanyi-star_027.ts,ts,1847288,,0,,
public/assets/videos/social/social-yanyi-star_028.ts,ts,2155232,,0,,
public/assets/videos/social/social-yanyi-star_029.ts,ts,1445908,,0,,
public/assets/videos/social/social-yanyi-star_030.ts,ts,2832784,,0,,
public/assets/videos/social/social-yanyi-star_031.ts,ts,7801248,,0,,
public/assets/videos/social/social-yanyi-star_032.ts,ts,689584,,0,,
public/assets/videos/social/social-zuican-guanfang-2.m3u8,m3u8,613,c274c510fb4e6934,0,,
public/assets/videos/social/social-zuican-guanfang-2_000.ts,ts,4363480,,0,,
public/assets/videos/social/social-zuican-guanfang-2_001.ts,ts,2694980,,0,,
public/assets/videos/social/social-zuican-guanfang-2_002.ts,ts,4094264,,0,,
public/assets/videos/social/social-zuican-guanfang-2_003.ts,ts,3200324,,0,,
public/assets/videos/social/social-zuican-guanfang-2_004.ts,ts,4883300,,0,,
public/assets/videos/social/social-zuican-guanfang-2_005.ts,ts,2165196,,0,,
public/assets/videos/social/social-zuican-guanfang-2_006.ts,ts,321856,,0,,
public/assets/videos/social/social-zuican-guanfang-2_007.ts,ts,2011788,,0,,
public/assets/videos/social/social-zuican-guanfang-2_008.ts,ts,2513560,,0,,
public/assets/videos/social/social-zuican-guanfang-2_009.ts,ts,98700,,0,,
public/assets/videos/social/social-zuican-guanfang.m3u8,m3u8,449,9b85fbb973726504,0,,
public/assets/videos/social/social-zuican-guanfang_000.ts,ts,5069044,,0,,
public/assets/videos/social/social-zuican-guanfang_001.ts,ts,4722560,,0,,
public/assets/videos/social/social-zuican-guanfang_002.ts,ts,6006600,,0,,
public/assets/videos/social/social-zuican-guanfang_003.ts,ts,4339980,,0,,
public/assets/videos/social/social-zuican-guanfang_004.ts,ts,6824024,,0,,
public/assets/videos/social/social-zuican-guanfang_005.ts,ts,5164924,,0,,
public/assets/videos/social/social-zuican-guanfang_006.ts,ts,58092,,0,,
public/assets/videos/tianyu/tianyu-liujin-zhiyi.m3u8,m3u8,158,f3283c1dcdae33ed,0,,
public/assets/videos/tianyu/tianyu-liujin-zhiyi_000.ts,ts,3816776,,0,,
public/assets/videos/wow/wow-21st-aggregation.m3u8,m3u8,205,dfe64656c5576b2b,0,,
public/assets/videos/wow/wow-21st-aggregation_000.ts,ts,5101004,,0,,
public/assets/videos/wow/wow-21st-aggregation_001.ts,ts,1640864,,0,,
public/assets/videos/wow/wow-21st-popup.m3u8,m3u8,153,f311348b7deb611a,0,,
public/assets/videos/wow/wow-21st-popup_000.ts,ts,715528,,0,,
public/assets/videos/wow/wow-midsummer-product.m3u8,m3u8,348,28abf52629254fa0,0,,
public/assets/videos/wow/wow-midsummer-product_000.ts,ts,10066648,,0,,
public/assets/videos/wow/wow-midsummer-product_001.ts,ts,5231852,,0,,
public/assets/videos/wow/wow-midsummer-product_002.ts,ts,7831140,,0,,
public/assets/videos/wow/wow-midsummer-product_003.ts,ts,4643412,,0,,
public/assets/videos/wow/wow-midsummer-product_004.ts,ts,13147404,,0,,
public/assets/videos/wow/wow-midsummer-product_005.ts,ts,9233432,,0,,
public/assets/videos/wow/wow-midsummer-product_006.ts,ts,62980,,0,,
public/assets/videos/wow/wow-midsummer-slogan.m3u8,m3u8,251,c85c89ad40212b15,0,,
public/assets/videos/wow/wow-midsummer-slogan_000.ts,ts,1288176,,0,,
public/assets/videos/wow/wow-midsummer-slogan_001.ts,ts,1267496,,0,,
public/assets/videos/wow/wow-midsummer-slogan_002.ts,ts,1375032,,0,,
public/assets/videos/wow/wow-redpacket-draw.m3u8,m3u8,157,a0e20492d8150da5,0,,
public/assets/videos/wow/wow-redpacket-draw_000.ts,ts,2706636,,0,,
public/assets/videos/wow/wow-redpacket-loop.m3u8,m3u8,289,90e07a51782c3b7d,0,,
public/assets/videos/wow/wow-redpacket-loop_000.ts,ts,1899928,,0,,
public/assets/videos/wow/wow-redpacket-loop_001.ts,ts,1688992,,0,,
public/assets/videos/wow/wow-redpacket-loop_002.ts,ts,1682224,,0,,
public/assets/videos/wow/wow-redpacket-loop_003.ts,ts,223156,,0,,
public/assets/videos/wow/wow-walrus-lottery.m3u8,m3u8,203,ad4f842413a2e470,0,,
public/assets/videos/wow/wow-walrus-lottery_000.ts,ts,6896592,,0,,
public/assets/videos/wow/wow-walrus-lottery_001.ts,ts,1256216,,0,,
public/assets/videos/wow/wow-walrus-lottery_002.ts,ts,3841216,,0,,
public/images/cases/game-ad-films/mhxy/cover.jpg,jpg,72670,ca3f224f9a824439,0,,
public/images/cases/game-ad-films/nsh-ad/cover.jpg,jpg,150800,08d2be875f73b6dc,0,,
public/images/cases/game-ad-films/peak-speed/cover.jpg,jpg,126387,f88b45c1b1c66b44,0,,
public/images/cases/game-ad-films/sanqi/cover.jpg,jpg,29265,8c066866150a7dcf,0,,
public/images/cases/game-ad-films/sjqy/cover.jpg,jpg,125885,85909f255109001b,0,,
public/images/cases/game-ad-films/slzh/cover.jpg,jpg,108364,52ef0d75f0b3c806,0,,
public/images/cases/game-ad-films/uu/cover.jpg,jpg,111093,6ce073b4e6cb88d3,0,,
public/images/cases/game-ad-films/xxyx/cover.jpg,jpg,23307,95578ebd412b1c48,0,,
public/images/cases/game-ad-films/yys/cover.jpg,jpg,148579,1a580b074e877f6b,0,,
public/images/cases/game-promotion-films/diablo3/cover.jpg,jpg,43430,6823f8602d120cfd,0,,
public/images/cases/game-promotion-films/forgotten-sea/cover.jpg,jpg,73510,272cf5fffb294ae5,0,,
public/images/cases/game-promotion-films/headshot-xmt/cover.jpg,jpg,76491,9a16a8857348d6de,0,,
public/images/cases/game-promotion-films/peak-speed-map/cover.jpg,jpg,46388,17c1a72233204d7a,0,,
public/images/cases/game-promotion-films/seven-days-xmt/cover.jpg,jpg,16044,bbc557ca75f4b80f,0,,
public/images/cases/game-social-videos/ai-ambitions/cover.jpg,jpg,67438,17739906e9707a83,0,,
public/images/cases/game-social-videos/ai-fatcat/cover.jpg,jpg,107299,15e0971497686e82,0,,
public/images/cases/game-social-videos/being-framed/cover.jpg,jpg,163984,c1fbae5d85d66f23,0,,
public/images/cases/game-social-videos/blue-v/cover.jpg,jpg,147157,0b4a21d0fc481427,0,,
public/images/cases/game-social-videos/downed-rescue/cover.jpg,jpg,87863,af2d18817e29fd0a,0,,
public/images/cases/game-social-videos/easiest-edit/cover.jpg,jpg,186937,d2131d5b033b6e12,0,,
public/images/cases/game-social-videos/english-corner/cover.jpg,jpg,122236,8d383cd6db1c0cc9,0,,
public/images/cases/game-social-videos/idv-marketing/cover.jpg,jpg,69862,2d34aa86f2f99663,0,,
public/images/cases/game-social-videos/idv-math/cover.jpg,jpg,108279,76b16b18a39a4bc2,0,,
public/images/cases/game-social-videos/into-the-essay/cover.jpg,jpg,245688,a8b687ecdb61a1a4,0,,
public/images/cases/game-social-videos/my-meme-pack/cover.jpg,jpg,79454,82cc23760c4cffde,0,,
public/images/cases/game-social-videos/netease-24h-live/cover.jpg,jpg,159789,04eba472a92112c6,0,,
public/images/cases/game-social-videos/poorest-official/cover.jpg,jpg,126029,c87cbf942f196657,0,,
public/images/cases/game-social-videos/poorest-official-2/cover.jpg,jpg,123102,8f1332a4687d3f12,0,,
public/images/cases/game-social-videos/props-attitude/cover.jpg,jpg,56517,b6398199fd92eaf5,0,,
public/images/cases/game-social-videos/wolf-barged-in/cover.jpg,jpg,137005,03b0facbd2ba5671,0,,
public/images/cases/game-social-videos/yanyi-star/cover.jpg,jpg,79955,849beddd3eca9598,0,,
public/images/cases/game-ui-motion-studies/ae-previs/cover.jpg,jpg,112849,0fdbc9acb46f851d,0,,
public/images/cases/game-ui-motion-studies/ue5/cover.jpg,jpg,25787,bb37c370c592c896,0,,
public/images/cases/game-ui-motion-studies/unity/cover.jpg,jpg,300132,0581757824a74dd6,0,,
public/images/cases/leihuo-external-motion-system/hearthstone/cover.jpg,jpg,208921,6d5d39a5152f1ac7,0,,
public/images/cases/leihuo-external-motion-system/naraka/cover.jpg,jpg,52203,6aeb1ffd3fa6d47f,0,,
public/images/cases/leihuo-external-motion-system/nsh/cover.jpg,jpg,665778,4d427ffb452eb3a1,0,,
public/images/cases/leihuo-external-motion-system/qingnv/cover.jpg,jpg,401638,fa824610179e1f35,0,,
public/images/cases/leihuo-external-motion-system/rd/cover.jpg,jpg,363322,4f7d4a1768b33fa7,0,,
public/images/cases/leihuo-external-motion-system/tianyu/cover.jpg,jpg,367074,0e9465c489d97801,0,,
public/images/cases/leihuo-external-motion-system/wow/cover.jpg,jpg,267777,d089b582d8f260a3,0,,
repro-shots/01-hero.png,png,1075472,637f7a11847f8d70,0,,
repro-shots/02-index.png,png,78951,e1dd281dd885db84,0,,
repro-shots/03-index-contact.png,png,119076,06d4404e348ec064,0,,
repro-shots/04-profile.png,png,202278,a327212fee80a520,0,,
repro-shots/05-timeline.png,png,445901,84486e94ee5a53d9,0,,
repro-shots/06-skills.png,png,60553,130b32092ca3bc02,0,,
repro-shots/07-projects.png,png,296929,9f6e713c4afec011,0,,
repro-shots/08-contact.png,png,663898,fcbbc1b03506eed6,0,,
repro-shots/09-detail.png,png,800794,d8923c7e8fcf0b47,0,,
repro-shots/10-detail-mid.png,png,869353,04390d6fde3f151f,0,,
repro-shots/a-hero.png,png,1012787,7f173440f1c22c59,0,,
repro-shots/b-index.png,png,84191,921722a3722635f6,0,,
repro-shots/c-profile.png,png,207552,f0baad9c2664e121,0,,
repro-shots/ct2.png,png,656531,303ce71e5e69098f,0,,
repro-shots/ct3.png,png,656261,7e2e36652f23e98a,0,,
repro-shots/d-contact.png,png,683705,e62cd29011bad56b,0,,
repro-shots/dv-profile.png,png,134706,82abea002f3c25d4,0,,
repro-shots/e-detail.png,png,738246,a026a7ec3b842f00,0,,
repro-shots/g1-hero.png,png,1080679,17ee7fa658382e08,0,,
repro-shots/g2-index-contact.png,png,100372,f1d2561b2b4e400d,0,,
repro-shots/g3-profile.png,png,204834,4682545e49676a92,0,,
repro-shots/g4-projects.png,png,293589,100ee14564f285e8,0,,
repro-shots/h-hero.png,png,1028246,33ed472afacef439,0,,
repro-shots/h-index.png,png,82492,d19a2acd7edaed1c,0,,
repro-shots/h-projects.png,png,301132,08857c3d467164dd,0,,
repro-shots/h1-hero.png,png,1075440,01c74c3e4b5d3471,0,,
repro-shots/h2-index-contact.png,png,99972,e5723de917115bc4,0,,
repro-shots/h3-profile.png,png,201032,cce080c592e2e58e,0,,
repro-shots/h4-projects.png,png,293582,d51ced59541d9472,0,,
repro-shots/h5-contact.png,png,659076,4b540d6d35aed71f,0,,
repro-shots/ix2.png,png,123718,18dac8dce39f4766,0,,
repro-shots/ix3.png,png,74276,e1e27cf4003fa903,0,,
repro-shots/ix4.png,png,68318,84362162aff1f873,0,,
repro-shots/mengying.png,png,493722,1888ecb957337ace,0,,
repro-shots/my2.png,png,514548,ac0aa81f54b08a2b,0,,
repro-shots/my3.png,png,513974,097040383f80be5f,0,,
repro-shots/my4.png,png,509830,04e1324fdf357a70,0,,
repro-shots/p1.png,png,359824,d6a8350b0c1ce90d,0,,
repro-shots/p2.png,png,663257,930c8f59dfab6824,0,,
repro-shots/p3.png,png,165526,95d2a69e0c829814,0,,
repro-shots/pf-ad.png,png,274896,349c20abb1dda238,0,,
repro-shots/pf-ad2.png,png,256504,de75920df2f9930b,0,,
repro-shots/pf-default.png,png,307040,b5b682256a615bcf,0,,
repro-shots/pf-default2.png,png,273684,992888ebe236a0d7,0,,
repro-shots/pf-hearthstone.png,png,311080,d97d6e9643b51447,0,,
repro-shots/pf-leihuo.png,png,273621,47dd7e332938a678,0,,
repro-shots/pf-leihuo2.png,png,273092,9d8a621887642586,0,,
repro-shots/pf-leihuo3.png,png,273121,6068289dafce1414,0,,
repro-shots/pf-ui.png,png,267475,c86b1784ac0574fa,0,,
repro-shots/pf-ui2.png,png,241295,c5f0fc607f5106d5,0,,
repro-shots/pj2.png,png,293103,9de9ca4bbbf6a265,0,,
repro-shots/q1-profile.png,png,154538,67cde9beb0eef918,0,,
repro-shots/q2-projects.png,png,361567,dc0cdad7db28471a,0,,
repro-shots/q3-index-contact.png,png,94234,24b3e207a69456f7,0,,
shots/01-hero.png,png,1183623,5bbb6f728548b74c,0,,
shots/02-index.png,png,170856,96826190e5ae33ad,0,,
shots/03-profile.png,png,349096,d0101e62dbba7be8,0,,
shots/04-timeline.png,png,71050,d10b5466673db05b,0,,
shots/05-skills.png,png,89779,8f9c6046fd92cbaf,0,,
shots/06-projects.png,png,350026,9278982579546aec,0,,
shots/07-contact.png,png,514109,7140e3b5990f20b3,0,,
shots/08-detail-hero.png,png,357896,ed11d2da1fa02c58,0,,
shots/09-detail-body.png,png,87451,16ca75cbe48c42a7,0,,
shots/10-detail-next.png,png,106351,99c6031a99ad4660,0,,
shots/11-404.png,png,412188,0c013860dd33dde0,0,,
shots/12-narrow-900.png,png,751113,8ac0aa8a96cfa40a,0,,
shots/13-mobile-420.png,png,338131,35aaa14394caa1dc,0,,
shots/chk-dev-normal.png,png,1032651,009bf1b2ca282937,0,,
shots/chk-file-dist.png,png,36696,c206562aacf94654,0,G01,
shots/chk-file-src.png,png,36696,c206562aacf94654,0,G01,
shots/chk-reduced-motion.png,png,645078,e87c65ae634a19c2,0,,
shots/dev-mode-hero.png,png,1191420,42c94edd9141abbe,0,,
src/vite-env.d.ts,ts,38,,0,,
src/data/i18n.ts,ts,1413,,0,,
src/data/labels.ts,ts,1428,,0,,
src/data/navigation.ts,ts,6834,,0,,
src/data/pdfFeaturedCases.ts,ts,8050,,0,,
src/data/profile.ts,ts,11342,,0,,
src/data/projects.ts,ts,178972,,0,,
src/data/skills.ts,ts,7982,,0,,
src/data/timeline.ts,ts,15011,,0,,
src/data/types.ts,ts,10343,,0,,
src/hooks/useActiveSection.ts,ts,1333,,0,,
src/hooks/useGsapContext.ts,ts,3409,,0,,
src/hooks/useHlsVideo.ts,ts,4669,,0,,
src/hooks/useIdleGlitch.ts,ts,1385,,0,,
src/hooks/useReducedMotion.ts,ts,1111,,0,,
src/lib/gsap.ts,ts,4907,,0,,
src/lib/motion.ts,ts,1883,,0,,
src/lib/smoothScroll.ts,ts,2078,,0,,
src/lib/splitText.ts,ts,4213,,0,,
src/lib/videoMutex.ts,ts,998,,0,,
verify-shots/hero-1366x768.png,png,838558,b9e109311c16db11,0,,
verify-shots/hero-1600x1000.png,png,1285290,72a4b727899c50bf,0,,
verify-shots/hero-1920x1080.png,png,1628858,dd1b12581331f379,0,,
verify-shots/hero-en-1920x1080.png,png,1645355,55d3bfb359cfcab9,0,,
verify-shots/index-clean-final.png,png,189330,68bc25cda1c8169f,0,,
verify-shots/index-nodes-1024x900.png,png,140178,cf74f11a22ab3247,0,,
verify-shots/index-nodes-1600x900.png,png,180104,b0d78c74f59227d1,0,,
verify-shots/index-nodes-768x1000.png,png,125124,b3b71e99f06e69e4,0,,
verify-shots/index-reveal-final.png,png,190218,292bb07acb3e122f,0,,
verify-shots/section-CN-1366x768-profile.png,png,222967,8c87741995063769,0,,
verify-shots/section-CN-1366x768-projects.png,png,157970,44d5976feee70fa0,0,,
verify-shots/section-CN-1600x1000-profile.png,png,341629,5a6d67d41a81543a,0,,
verify-shots/section-CN-1600x1000-projects.png,png,317692,9752c9acbca0aea4,0,,
verify-shots/section-CN-1920x1080-profile.png,png,414237,29f0c8ee9e1e6188,0,G02,
verify-shots/section-CN-1920x1080-projects.png,png,468293,6f9ee09014652a67,0,,
verify-shots/section-EN-1920x1080-profile.png,png,414237,29f0c8ee9e1e6188,0,G02,
verify-shots/section-EN-1920x1080-projects.png,png,468295,ba06001dbede29be,0,,
verify-shots/section-real-CN-contact-768.png,png,378075,bd25f3c9d4ac532b,0,,
verify-shots/section-real-CN-contact.png,png,501817,73dedc5ca159456b,0,,
verify-shots/section-real-CN-index-1200.png,png,82154,6e900495a82199a4,0,,
verify-shots/section-real-CN-profile-768.png,png,101773,e69167378bd0568e,0,,
verify-shots/section-real-CN-profile.png,png,366138,9de76a155c5bebb0,0,,
verify-shots/section-real-CN-projects-768.png,png,219478,2088a5fcb3050392,0,,
verify-shots/section-real-CN-projects.png,png,415073,22a3e73490a171c7,0,,
verify-shots/section-real-CN-skills.png,png,88649,0dbe3885f8215159,0,,
verify-shots/section-real-CN-timeline.png,png,74556,859813a76832c9c7,0,,
verify-shots/timeline-A-settled.png,png,106806,dc8ee1a1ad0b4a9e,0,,
verify-shots/timeline-B-scrollback.png,png,106862,ebf9b1424c4b8b9a,0,,
verify-shots/timeline-final-leihuo.png,png,120097,6d0a410d28ae13a4,0,,
verify-shots/timeline-final-mengying.png,png,93008,830b980acc97e398,0,,
verify-shots/timeline-final-training.png,png,74535,1cca25202bb6ead1,0,,
verify-shots/timeline-mobile-en-leihuo.png,png,78845,5ff6e4cd20a36820,0,,
verify-shots/timeline-mobile-training.png,png,51019,178d0847ca7cd38e,0,,
verify-shots/timeline-reveal-final.png,png,103546,05eb772c4ddd1d3d,0,,
